signature_type,signature,occurrence_count,document_count,object_count,sections,objects,documents
page_layout,1d36ae478e03ccc99fd530c51f16d1bb54777ba1,44,6,2,ИД|ИОС5.4.1|ПОКР,1724_25|1725_25,1724_25:doc_34536dc1|1724_25:doc_801fee11|1724_25:doc_c8e972bf|1725_25:doc_10be5f2b|1725_25:doc_32fcaa56|1725_25:doc_df6a5246
page_layout,3db5371a22aad835d331a82f7b1eaee5ee16cf9d,4,4,2,ИД|СМ,1724_25|1725_25,1724_25:doc_801fee11|1724_25:doc_b44ce08b|1725_25:doc_c985f0bc|1725_25:doc_df6a5246
page_layout,017eb10a3f9561e31c66dafe42586c8230200a80,2,2,2,ИД,1724_25|1725_25,1724_25:doc_801fee11|1725_25:doc_df6a5246
page_layout,01c64fcf46a18779e9fe1338f98d178a7aa5e4b2,2,2,1,ИД|ИОС5.4.1,1724_25,1724_25:doc_801fee11|1724_25:doc_c8e972bf
page_layout,0666e4554802172aedfe8b7d814ce293ec53ec2c,2,2,2,ИОС5.1,1724_25|1725_25,1724_25:doc_5efb363f|1725_25:doc_726dfa3d
page_layout,0b1003c1d8f11a16e4bc396e97c57993dfbf6b23,2,2,2,ИД,1724_25|1725_25,1724_25:doc_801fee11|1725_25:doc_df6a5246
page_layout,10e702ed9c719c6f97dce74631517c8144e809f5,2,2,2,ИОС5.1,1724_25|1725_25,1724_25:doc_5efb363f|1725_25:doc_726dfa3d
page_layout,11f5face6384518dcc945d6dcd3d499384c4dd72,2,2,2,ПОКР,1724_25|1725_25,1724_25:doc_34536dc1|1725_25:doc_32fcaa56
page_layout,123f8c01e2cc26b7b7baaacb4c9cd94e8f00b946,2,2,2,ИД,1724_25|1725_25,1724_25:doc_801fee11|1725_25:doc_df6a5246
page_layout,136d11703cbc0d891837926f19f535ea75e2cfe0,2,2,2,КР,1724_25|1725_25,1724_25:doc_a624e984|1725_25:doc_93cc45b2
page_layout,15bb535a0c445adca7c2acdfedf8f8adf5e3b361,2,2,2,ИД,1724_25|1725_25,1724_25:doc_801fee11|1725_25:doc_df6a5246
page_layout,1d6909dc81d3ad71ef4b066f9cf854f698eb3aaa,2,2,2,АР,1724_25|1725_25,1724_25:doc_984f5a08|1725_25:doc_96e96f2d
page_layout,1f661a1526a19ea29c8734d76291f0dbd94b73a1,2,2,2,ИД,1724_25|1725_25,1724_25:doc_801fee11|1725_25:doc_df6a5246
page_layout,22f52e8ba656134735f2a5cbf8094db660e10be9,2,2,2,АР,1724_25|1725_25,1724_25:doc_984f5a08|1725_25:doc_96e96f2d
page_layout,25cea667b537b8d675fdbefaf463d3c225843283,2,2,2,ИОС5.5.1,1724_25|1725_25,1724_25:doc_48ee9de4|1725_25:doc_3555e5a4
page_layout,2afd3a067283580f098845e86e204724c50053b1,2,2,2,ПОКР,1724_25|1725_25,1724_25:doc_34536dc1|1725_25:doc_32fcaa56
page_layout,2c8181b21b14a6278ab06316cc0c0d9535e239ff,2,2,1,ИД|ИОС5.4.1,1725_25,1725_25:doc_10be5f2b|1725_25:doc_df6a5246
page_layout,2d02ba7d2962327e0a34710781020ce55b2eb755,2,2,2,КР,1724_25|1725_25,1724_25:doc_a624e984|1725_25:doc_93cc45b2
page_layout,2d29b0dfc5c95819c3a500631164e69626819e35,2,2,2,КР,1724_25|1725_25,1724_25:doc_a624e984|1725_25:doc_93cc45b2
page_layout,2e279aace9f223512f885f68e6eb6c0b9cd82444,2,2,2,КР,1724_25|1725_25,1724_25:doc_a624e984|1725_25:doc_93cc45b2
page_layout,3134792eb78570bbddea4883c163c9e8b6d82306,2,2,2,ИОС5.1,1724_25|1725_25,1724_25:doc_5efb363f|1725_25:doc_726dfa3d
page_layout,359953b806ff155a9f8f2a518d9f68dfb9535f4e,2,2,1,ИД|ИОС5.4.1,1724_25,1724_25:doc_801fee11|1724_25:doc_c8e972bf
page_layout,3c60439b875ec77eb23e520745bf913894561bd6,2,2,2,ИД,1724_25|1725_25,1724_25:doc_801fee11|1725_25:doc_df6a5246
page_layout,4109d38708e9895ca34b87bf29663b2d56560182,2,2,2,ИОС5.5.1,1724_25|1725_25,1724_25:doc_48ee9de4|1725_25:doc_3555e5a4
page_layout,429dfd0b845a498e822323d59ee1f0bdbf03f720,2,2,1,ИД|ИОС5.4.1,1724_25,1724_25:doc_801fee11|1724_25:doc_c8e972bf
page_layout,438d1bb2153a6e35e95b165f65118b30294cc45b,2,2,2,ПОКР,1724_25|1725_25,1724_25:doc_34536dc1|1725_25:doc_32fcaa56
page_layout,49577ba8528249b185b514af1cabeedbd4762a8c,2,2,2,ИД,1724_25|1725_25,1724_25:doc_801fee11|1725_25:doc_df6a5246
page_layout,4ebf38abcfd920c0cb23c7c6d3e59830ac305fdb,2,2,2,ИД,1724_25|1725_25,1724_25:doc_801fee11|1725_25:doc_df6a5246
page_layout,5036794f2e43f72d6cce8727823c48f7dad211d6,2,2,1,ИД|ИОС5.4.1,1724_25,1724_25:doc_801fee11|1724_25:doc_c8e972bf
page_layout,5688ab5404864873527756365e73d23727d388f1,2,2,2,ИОС5.4.1,1724_25|1725_25,1724_25:doc_c8e972bf|1725_25:doc_10be5f2b
page_layout,5aacd9f9c05e247cc72005279f2ab0eb4f256b97,2,2,2,ИД,1724_25|1725_25,1724_25:doc_801fee11|1725_25:doc_df6a5246
page_layout,5f647cf7886f0a9abb01ecd57b0da283d7560777,2,2,2,ИД,1724_25|1725_25,1724_25:doc_801fee11|1725_25:doc_df6a5246
page_layout,62bed261e514dc49f27e081781bfefe4e60f7a68,2,2,2,КР,1724_25|1725_25,1724_25:doc_a624e984|1725_25:doc_93cc45b2
page_layout,6a19d2e30ca8f6f343a9bd6f8ce6a1bba598cd46,2,2,2,ПОКР,1724_25|1725_25,1724_25:doc_34536dc1|1725_25:doc_32fcaa56
page_layout,6f053150beed2539c7d3f5a88b09e1ba7656a566,2,2,2,ИОС5.5.1,1724_25|1725_25,1724_25:doc_48ee9de4|1725_25:doc_3555e5a4
page_layout,7044b3f7c0ea2dd59367d1a6f22fda8a5b41bd27,2,2,2,ИОС5.5.1,1724_25|1725_25,1724_25:doc_48ee9de4|1725_25:doc_3555e5a4
page_layout,7bf94d5c72c02063e2f3ca8b6f0eb26f7a4ba4dc,2,2,2,ИД,1724_25|1725_25,1724_25:doc_801fee11|1725_25:doc_df6a5246
page_layout,821926aff8e0dafa1218f8c028a83d36bf0c8ca6,2,2,2,ИД,1724_25|1725_25,1724_25:doc_801fee11|1725_25:doc_df6a5246
page_layout,8669a78d2d5478aa6d8281df7033dae3bc0dc710,2,2,2,ИД,1724_25|1725_25,1724_25:doc_801fee11|1725_25:doc_df6a5246
page_layout,8f0088f35759f5d1863faa668684e11bb3877592,2,2,2,СМ,1724_25|1725_25,1724_25:doc_b44ce08b|1725_25:doc_c985f0bc
page_layout,8f68aa0f2e91f54f586c6249f7619335932f5df1,2,2,2,ИД,1724_25|1725_25,1724_25:doc_801fee11|1725_25:doc_df6a5246
page_layout,903bdb85cf104a84a75fa6f41414c89d2952a935,2,2,2,ИОС5.4.1,1724_25|1725_25,1724_25:doc_c8e972bf|1725_25:doc_10be5f2b
page_layout,921033b211cdcc06d504a6dda9272573d5c74a12,2,2,2,ИОС5.5.1,1724_25|1725_25,1724_25:doc_48ee9de4|1725_25:doc_3555e5a4
page_layout,96e554a499f7ceb332c251668cf1c27814db3920,2,2,2,ПОКР,1724_25|1725_25,1724_25:doc_34536dc1|1725_25:doc_32fcaa56
page_layout,97483ede1404985afb1243174d5ea78870acced5,2,2,2,АР,1724_25|1725_25,1724_25:doc_984f5a08|1725_25:doc_96e96f2d
page_layout,a1c92274014edcf0cda348a6367e5c5e9c9eaa71,2,2,2,ИД,1724_25|1725_25,1724_25:doc_801fee11|1725_25:doc_df6a5246
page_layout,a3525e37e1c975cc2db9cc5128bb002d758933a1,2,2,2,ИД,1724_25|1725_25,1724_25:doc_801fee11|1725_25:doc_df6a5246
page_layout,a74613a683ddbe5e8eab2582dfd0b14d2157b9a2,2,2,1,ИД|ИОС5.4.1,1725_25,1725_25:doc_10be5f2b|1725_25:doc_df6a5246
page_layout,aa5509cb1b8388b0ff867a7b2023cf0d0f3da4e1,2,2,2,КР,1724_25|1725_25,1724_25:doc_a624e984|1725_25:doc_93cc45b2
page_layout,ab32d4c9c4b6dceb67be5adde309958664a65584,2,2,2,КР,1724_25|1725_25,1724_25:doc_a624e984|1725_25:doc_93cc45b2
page_layout,af3dc4705864c04ad422a5bc87498506884c465d,2,2,2,ИД,1724_25|1725_25,1724_25:doc_801fee11|1725_25:doc_df6a5246
page_layout,aff572dbf649cd2871b3a323ebfcb43db9629833,2,2,2,ИД,1724_25|1725_25,1724_25:doc_801fee11|1725_25:doc_df6a5246
page_layout,b2cd03fd624e458bf58d290378ae37f5621f8fb2,2,2,1,ИД|ИОС5.4.1,1725_25,1725_25:doc_10be5f2b|1725_25:doc_df6a5246
page_layout,b96a67b6daafe73e10374be9d844bbc55a051554,2,2,2,ПОКР,1724_25|1725_25,1724_25:doc_34536dc1|1725_25:doc_32fcaa56
page_layout,c311b3963efb22600c14317c3a9862320078cd81,2,2,2,СМ,1724_25|1725_25,1724_25:doc_b44ce08b|1725_25:doc_c985f0bc
page_layout,c57c69ac08f06e9467021e54e896c276a2478f28,2,2,2,ИД,1724_25|1725_25,1724_25:doc_801fee11|1725_25:doc_df6a5246
page_layout,c8dc7a7b1faff01591bf1ef1900d3956f99cf252,2,2,2,ИД,1724_25|1725_25,1724_25:doc_801fee11|1725_25:doc_df6a5246
page_layout,ca3578b9506e531d7e638d91811740cdbc24e6c9,2,2,2,ПОКР,1724_25|1725_25,1724_25:doc_34536dc1|1725_25:doc_32fcaa56
page_layout,cd673b84cd08d5d74e0eea775d88122fc47580c0,2,2,2,ИД,1724_25|1725_25,1724_25:doc_801fee11|1725_25:doc_df6a5246
page_layout,d2f0cecac7c7a0a39d993fee19fc145db988d0da,2,2,2,ИД,1724_25|1725_25,1724_25:doc_801fee11|1725_25:doc_df6a5246
page_layout,deefe12f88a3b2ec262abd42eda6f79ba9e0262c,2,2,2,ИД,1724_25|1725_25,1724_25:doc_801fee11|1725_25:doc_df6a5246
page_layout,e3a7b6a4bcfd0cec47b70af5b966723bcda7b9ba,2,2,2,ИОС5.1,1724_25|1725_25,1724_25:doc_5efb363f|1725_25:doc_726dfa3d
page_layout,e8f1ee2d0479a1e1efbe81d1602fb898eadef84d,2,2,2,ПОКР,1724_25|1725_25,1724_25:doc_34536dc1|1725_25:doc_32fcaa56
page_layout,ea7d3ef3347fc389ed9c8e15aec8ff4133823075,2,2,2,АР,1724_25|1725_25,1724_25:doc_984f5a08|1725_25:doc_96e96f2d
page_layout,f23709e1a2565306cc7c000afb168524859be12e,2,2,2,АР,1724_25|1725_25,1724_25:doc_984f5a08|1725_25:doc_96e96f2d
page_layout,f79d25ee2b4486c2a46330b1ebdc00267a63e033,2,2,2,ИОС5.4.1,1724_25|1725_25,1724_25:doc_c8e972bf|1725_25:doc_10be5f2b
page_layout,f84d0c0c0f7b9cb4e101aa9dd9c38959884b9e6c,2,2,2,ИД,1724_25|1725_25,1724_25:doc_801fee11|1725_25:doc_df6a5246
page_layout,fe17d50965fe87156cb1323aa96cf2bd736b2974,2,2,2,ПОКР,1724_25|1725_25,1724_25:doc_34536dc1|1725_25:doc_32fcaa56
table_content,2b6346809c816faa519fa0b65122f5420979d0bd,32,16,2,АР|ИД|ИОС5.1|ИОС5.4.1|ИОС5.5.1|КР|ПОКР|СМ,1724_25|1725_25,1724_25:doc_34536dc1|1724_25:doc_48ee9de4|1724_25:doc_5efb363f|1724_25:doc_801fee11|1724_25:doc_984f5a08|1724_25:doc_a624e984|1724_25:doc_b44ce08b|1724_25:doc_c8e972bf|1725_25:doc_10be5f2b|1725_25:doc_32fcaa56|1725_25:doc_3555e5a4|1725_25:doc_726dfa3d|1725_25:doc_93cc45b2|1725_25:doc_96e96f2d|1725_25:doc_c985f0bc|1725_25:doc_df6a5246
table_content,5adf10756609caf15c11c208e512238c5505102b,16,16,2,АР|ИД|ИОС5.1|ИОС5.4.1|ИОС5.5.1|КР|ПОКР|СМ,1724_25|1725_25,1724_25:doc_34536dc1|1724_25:doc_48ee9de4|1724_25:doc_5efb363f|1724_25:doc_801fee11|1724_25:doc_984f5a08|1724_25:doc_a624e984|1724_25:doc_b44ce08b|1724_25:doc_c8e972bf|1725_25:doc_10be5f2b|1725_25:doc_32fcaa56|1725_25:doc_3555e5a4|1725_25:doc_726dfa3d|1725_25:doc_93cc45b2|1725_25:doc_96e96f2d|1725_25:doc_c985f0bc|1725_25:doc_df6a5246
table_content,b06e6e23bd6f1ae680acc3fdd12c5f930709ebda,4,4,2,ИД|СМ,1724_25|1725_25,1724_25:doc_801fee11|1724_25:doc_b44ce08b|1725_25:doc_c985f0bc|1725_25:doc_df6a5246
table_content,fed796bbf844f44525d4220bcfda802a57f3e45a,4,4,2,ИД|СМ,1724_25|1725_25,1724_25:doc_801fee11|1724_25:doc_b44ce08b|1725_25:doc_c985f0bc|1725_25:doc_df6a5246
table_content,2a2443ca02bcfe99779cfa79c4be13dc47197a2f,3,2,2,СМ,1724_25|1725_25,1724_25:doc_b44ce08b|1725_25:doc_c985f0bc
table_content,38c13d3ec61a752f692dbec84813f6a9a5c7c90d,3,3,2,ИОС5.1|ИОС5.5.1,1724_25|1725_25,1724_25:doc_48ee9de4|1724_25:doc_5efb363f|1725_25:doc_3555e5a4
table_content,018c806b840994505149ceaefccaf47cd9f2e9aa,2,2,2,ИОС5.5.1,1724_25|1725_25,1724_25:doc_48ee9de4|1725_25:doc_3555e5a4
table_content,0439fb01b0416c44ae30acbcb5d5ba94216a43e2,2,2,2,ПОКР,1724_25|1725_25,1724_25:doc_34536dc1|1725_25:doc_32fcaa56
table_content,08755969050313f07f8206043e274ac2d4869981,2,2,1,ИОС5.1|ИОС5.5.1,1724_25,1724_25:doc_48ee9de4|1724_25:doc_5efb363f
table_content,0dc5c4c33142008a887f364a5ef5b2ec3254851b,2,2,2,ИОС5.5.1,1724_25|1725_25,1724_25:doc_48ee9de4|1725_25:doc_3555e5a4
table_content,174cfbe3e5aafb6309dbed1e587cd1ac4091f010,2,2,2,ИД,1724_25|1725_25,1724_25:doc_801fee11|1725_25:doc_df6a5246
table_content,207278db25270484cc118317eedd2341036cf696,2,2,2,ИОС5.1,1724_25|1725_25,1724_25:doc_5efb363f|1725_25:doc_726dfa3d
table_content,21c2b402ab4cf75e36b655807aebd9620675a49a,2,2,2,ИОС5.4.1,1724_25|1725_25,1724_25:doc_c8e972bf|1725_25:doc_10be5f2b
table_content,275a7b19b3e7e9aefe0992e48d01bdc771a02dd2,2,2,2,ИД,1724_25|1725_25,1724_25:doc_801fee11|1725_25:doc_df6a5246
table_content,2a840fdf6794729c73202338205eb5122f220a01,2,2,2,ИОС5.4.1,1724_25|1725_25,1724_25:doc_c8e972bf|1725_25:doc_10be5f2b
table_content,3dba80d1f42e42ad5c7126f28fa5132b0b211d16,2,2,2,ИОС5.1,1724_25|1725_25,1724_25:doc_5efb363f|1725_25:doc_726dfa3d
table_content,438fd2b1510fa2ca6d2df346c53d515af84717f4,2,2,2,ИОС5.1,1724_25|1725_25,1724_25:doc_5efb363f|1725_25:doc_726dfa3d
table_content,4bc72d0bd8c311496dbef4f58607103e326388dd,2,2,2,ИД,1724_25|1725_25,1724_25:doc_801fee11|1725_25:doc_df6a5246
table_content,4fe6d1d360f7e815da9318089a2e75b3df642de8,2,2,2,ИД,1724_25|1725_25,1724_25:doc_801fee11|1725_25:doc_df6a5246
table_content,521dc81fb4c10bc27141e74c44053d70c06acce9,2,2,2,КР,1724_25|1725_25,1724_25:doc_a624e984|1725_25:doc_93cc45b2
table_content,53df78d309fb73c047c95e53b570b27391f90e28,2,2,2,КР,1724_25|1725_25,1724_25:doc_a624e984|1725_25:doc_93cc45b2
table_content,552f27a54f98c7f5bf0bb3b8ba5e8974317946bd,2,2,1,ИОС5.1|ИОС5.5.1,1724_25,1724_25:doc_48ee9de4|1724_25:doc_5efb363f
table_content,564c475e5b92aa305bae463cc12b8d7de486e467,2,2,2,ИОС5.4.1,1724_25|1725_25,1724_25:doc_c8e972bf|1725_25:doc_10be5f2b
table_content,590eb5f0e06c6702dbdd2046215e4c3d980150a0,2,2,2,ИД,1724_25|1725_25,1724_25:doc_801fee11|1725_25:doc_df6a5246
table_content,5b92a90924916861d3ceafaf2012c641e40cbb9b,2,2,2,ИОС5.5.1,1724_25|1725_25,1724_25:doc_48ee9de4|1725_25:doc_3555e5a4
table_content,5dd9b2679d3a5c9a6daf0cbdfd14a57d40395082,2,2,2,ИОС5.1,1724_25|1725_25,1724_25:doc_5efb363f|1725_25:doc_726dfa3d
table_content,5e04dd2db03a2c5a1264202dfda096aa57ce063a,2,2,2,ИОС5.5.1,1724_25|1725_25,1724_25:doc_48ee9de4|1725_25:doc_3555e5a4
table_content,67e6cc5fcb7dd5ea82d26ecd0d297796bd07cc1d,2,2,2,ИД,1724_25|1725_25,1724_25:doc_801fee11|1725_25:doc_df6a5246
table_content,68bbfd7e49d02533c4c18ba76a4643f93b26d74b,2,2,2,ИД,1724_25|1725_25,1724_25:doc_801fee11|1725_25:doc_df6a5246
table_content,6d7859abac1dd1453050523a4500753c55be1736,2,2,2,ИОС5.1,1724_25|1725_25,1724_25:doc_5efb363f|1725_25:doc_726dfa3d
table_content,6e78fa2080b7215dcada273d6731ff82988b12cb,2,2,2,ПОКР,1724_25|1725_25,1724_25:doc_34536dc1|1725_25:doc_32fcaa56
table_content,7d3594f523f0010d8dfbefb687b8b6db150987b1,2,2,2,ИД,1724_25|1725_25,1724_25:doc_801fee11|1725_25:doc_df6a5246
table_content,7d4323d5b44034ecb0ba12a0927e77673cb93f59,2,2,2,ИД,1724_25|1725_25,1724_25:doc_801fee11|1725_25:doc_df6a5246
table_content,7e0f0332778de19a71dc7672ee4e0039869fe5f2,2,2,2,ИД,1724_25|1725_25,1724_25:doc_801fee11|1725_25:doc_df6a5246
table_content,7e333200c9530edf71b361e7b024b4b1306332a6,2,2,2,АР,1724_25|1725_25,1724_25:doc_984f5a08|1725_25:doc_96e96f2d
table_content,7e8b718d9dbf4bb31cc792f548e53bc1586f39b7,2,2,2,ИД,1724_25|1725_25,1724_25:doc_801fee11|1725_25:doc_df6a5246
table_content,85f8bf370f83f09fbdd3fbbd6622717568c0ef2b,2,2,2,ИОС5.1,1724_25|1725_25,1724_25:doc_5efb363f|1725_25:doc_726dfa3d
table_content,87141887c3cc29f638c52ab6a1b57844f6c3241d,2,2,2,ИД,1724_25|1725_25,1724_25:doc_801fee11|1725_25:doc_df6a5246
table_content,8caf882cb9e42088c47425c34120dbd764484424,2,2,2,ИОС5.4.1,1724_25|1725_25,1724_25:doc_c8e972bf|1725_25:doc_10be5f2b
table_content,8e8f2beb887db6437a81719b85702385e237b065,2,2,2,ИД,1724_25|1725_25,1724_25:doc_801fee11|1725_25:doc_df6a5246
table_content,9994eae239e7908eb8f676220cf7f4eb0ff5fc00,2,2,2,ИД,1724_25|1725_25,1724_25:doc_801fee11|1725_25:doc_df6a5246
table_content,9e22178e742788a1efc2ac629f30ff39eac85c2b,2,2,2,ИД,1724_25|1725_25,1724_25:doc_801fee11|1725_25:doc_df6a5246
table_content,a0ed09a716401e652ced90bc7545b854de58d960,2,2,2,ПОКР,1724_25|1725_25,1724_25:doc_34536dc1|1725_25:doc_32fcaa56
table_content,a516ebbd23359561449361b3ec487b6333ed61a8,2,2,2,ИД,1724_25|1725_25,1724_25:doc_801fee11|1725_25:doc_df6a5246
table_content,ab232aba5fe14b3559ec1acd1bceaf1132dd09c9,2,2,2,ИОС5.4.1,1724_25|1725_25,1724_25:doc_c8e972bf|1725_25:doc_10be5f2b
table_content,b1376087f591d4c004894f195b90a3cf2af6cde0,2,2,2,ИД,1724_25|1725_25,1724_25:doc_801fee11|1725_25:doc_df6a5246
table_content,c050b0fabf498fd5230c4f61b54f85fa15a24507,2,2,2,ИД,1724_25|1725_25,1724_25:doc_801fee11|1725_25:doc_df6a5246
table_content,c1fbfb70bbb48b8e20a09444ef672b563584080e,2,2,2,ИД,1724_25|1725_25,1724_25:doc_801fee11|1725_25:doc_df6a5246
table_content,c2d3d7d4f8446669666cb367a22a67645da22502,2,2,2,ИД,1724_25|1725_25,1724_25:doc_801fee11|1725_25:doc_df6a5246
table_content,c902616788a4a9f6c35ae5b6cddebc09555fbe8d,2,2,2,СМ,1724_25|1725_25,1724_25:doc_b44ce08b|1725_25:doc_c985f0bc
table_content,ca9d0c70e6c47ad51ad238532451c88dff143210,2,2,2,ИД,1724_25|1725_25,1724_25:doc_801fee11|1725_25:doc_df6a5246
table_content,cd7717fb752b64e27c8d2b4bb2e3280b8b5d8e2a,2,2,2,ИОС5.4.1,1724_25|1725_25,1724_25:doc_c8e972bf|1725_25:doc_10be5f2b
table_content,ceb20aae4bd32e0c1a6aa1fe20edb7e5841bb489,2,2,2,СМ,1724_25|1725_25,1724_25:doc_b44ce08b|1725_25:doc_c985f0bc
table_content,d1b5ae09d6d9bd68305a4d3015fec582a73f9a51,2,2,2,ИОС5.4.1,1724_25|1725_25,1724_25:doc_c8e972bf|1725_25:doc_10be5f2b
table_content,d7b44b5f3821b13dfbb83f5bd5e3c0bb963c3235,2,2,2,ИД,1724_25|1725_25,1724_25:doc_801fee11|1725_25:doc_df6a5246
table_content,decd1e683da211ff262da6b8979970869d2f1d3b,2,2,2,СМ,1724_25|1725_25,1724_25:doc_b44ce08b|1725_25:doc_c985f0bc
table_content,df1028557c36993941c04ba8e24bb677b3dcca82,2,2,2,ИД,1724_25|1725_25,1724_25:doc_801fee11|1725_25:doc_df6a5246
table_content,df2f40a8ae0d386acc1ad351b8d92d73b9485e96,2,1,1,ИОС5.5.1,1724_25,1724_25:doc_48ee9de4
table_content,eb8f734c94ddb6f9d00dbddf5f8b35d6c3a70b6c,2,2,2,ИОС5.4.1,1724_25|1725_25,1724_25:doc_c8e972bf|1725_25:doc_10be5f2b
table_content,f23166c5cf48216204f50d8a2366589ea5e3115d,2,2,2,ИД,1724_25|1725_25,1724_25:doc_801fee11|1725_25:doc_df6a5246
table_content,f8b50922d7d3907364845eebd34c86bfbb3c2939,2,2,2,ИОС5.5.1,1724_25|1725_25,1724_25:doc_48ee9de4|1725_25:doc_3555e5a4
table_content,fafd5e2999f77392d408a4957f86016f21977f4f,2,2,2,ИОС5.5.1,1724_25|1725_25,1724_25:doc_48ee9de4|1725_25:doc_3555e5a4
table_layout,2b31a4437e93cdfa205f1fd99df15ece0d21de8d,32,16,2,АР|ИД|ИОС5.1|ИОС5.4.1|ИОС5.5.1|КР|ПОКР|СМ,1724_25|1725_25,1724_25:doc_34536dc1|1724_25:doc_48ee9de4|1724_25:doc_5efb363f|1724_25:doc_801fee11|1724_25:doc_984f5a08|1724_25:doc_a624e984|1724_25:doc_b44ce08b|1724_25:doc_c8e972bf|1725_25:doc_10be5f2b|1725_25:doc_32fcaa56|1725_25:doc_3555e5a4|1725_25:doc_726dfa3d|1725_25:doc_93cc45b2|1725_25:doc_96e96f2d|1725_25:doc_c985f0bc|1725_25:doc_df6a5246
table_layout,44462779ede31506fdf1b4d0626e387e4cda8745,16,16,2,АР|ИД|ИОС5.1|ИОС5.4.1|ИОС5.5.1|КР|ПОКР|СМ,1724_25|1725_25,1724_25:doc_34536dc1|1724_25:doc_48ee9de4|1724_25:doc_5efb363f|1724_25:doc_801fee11|1724_25:doc_984f5a08|1724_25:doc_a624e984|1724_25:doc_b44ce08b|1724_25:doc_c8e972bf|1725_25:doc_10be5f2b|1725_25:doc_32fcaa56|1725_25:doc_3555e5a4|1725_25:doc_726dfa3d|1725_25:doc_93cc45b2|1725_25:doc_96e96f2d|1725_25:doc_c985f0bc|1725_25:doc_df6a5246
table_layout,4d409b9ec58eb41827652ad898d0ef3867926371,6,6,2,ИД|ИОС5.1|ИОС5.5.1,1724_25|1725_25,1724_25:doc_48ee9de4|1724_25:doc_5efb363f|1724_25:doc_801fee11|1725_25:doc_3555e5a4|1725_25:doc_726dfa3d|1725_25:doc_df6a5246
table_layout,8937ba27e274027df4724d4bbf61822fe95d12d3,6,2,2,СМ,1724_25|1725_25,1724_25:doc_b44ce08b|1725_25:doc_c985f0bc
table_layout,062f67be4d5d331dc00e8421fd37e9f35f560e37,5,1,1,ИОС5.4.1,1725_25,1725_25:doc_10be5f2b
table_layout,9c70601b4fb9f2af7f2003a48dabeb60901ad9f8,5,1,1,ИОС5.4.1,1724_25,1724_25:doc_c8e972bf
table_layout,048fecd3fdca043ffe522ffb99a8a9cc67cdd28a,4,4,2,ИД|СМ,1724_25|1725_25,1724_25:doc_801fee11|1724_25:doc_b44ce08b|1725_25:doc_c985f0bc|1725_25:doc_df6a5246
table_layout,07d26e933452b15874f59953250afdcd9d793d4e,4,4,2,ИД|СМ,1724_25|1725_25,1724_25:doc_801fee11|1724_25:doc_b44ce08b|1725_25:doc_c985f0bc|1725_25:doc_df6a5246
table_layout,3e6bd9c82949a9adf61bc29397b480503d92fd9e,4,2,2,ИОС5.5.1,1724_25|1725_25,1724_25:doc_48ee9de4|1725_25:doc_3555e5a4
table_layout,48e013aaf52c35e908bd8dc4bfca76f754b3d25d,3,1,1,ИОС5.4.1,1724_25,1724_25:doc_c8e972bf
table_layout,009b8ef8a1d2fd821628cda362f8f189f7297530,2,2,2,ИД,1724_25|1725_25,1724_25:doc_801fee11|1725_25:doc_df6a5246
table_layout,101f16856a2c3fa995b0eac0c95f0e0cda2db812,2,2,2,ИД,1724_25|1725_25,1724_25:doc_801fee11|1725_25:doc_df6a5246
table_layout,111c60d9fa3b0b7d0636ee3f9c8f07d350ed2c73,2,2,2,КР,1724_25|1725_25,1724_25:doc_a624e984|1725_25:doc_93cc45b2
table_layout,148440e540dbacf46479a99f8d017967f0b4d75b,2,2,2,ИОС5.5.1,1724_25|1725_25,1724_25:doc_48ee9de4|1725_25:doc_3555e5a4
table_layout,18364200aa1ca0287ee4a61f74fac6272ef98f9c,2,2,2,ИОС5.4.1,1724_25|1725_25,1724_25:doc_c8e972bf|1725_25:doc_10be5f2b
table_layout,26d16a4b3291359d19a9eaeff5f3a70c4be82c20,2,2,2,ИОС5.5.1,1724_25|1725_25,1724_25:doc_48ee9de4|1725_25:doc_3555e5a4
table_layout,298dafcaf50ad1d9c4825447093d2d253119a5c0,2,2,2,ИД,1724_25|1725_25,1724_25:doc_801fee11|1725_25:doc_df6a5246
table_layout,2c34b086075607ccfef987e3fd8a53d5f72ddd7b,2,2,1,ИОС5.1|ИОС5.5.1,1724_25,1724_25:doc_48ee9de4|1724_25:doc_5efb363f
table_layout,36386419a33d0674bcbb3e0a009c8a5812922c89,2,2,2,ИОС5.1,1724_25|1725_25,1724_25:doc_5efb363f|1725_25:doc_726dfa3d
table_layout,3a1b562d3861d653831474dad26a649c2d6b9820,2,2,1,ИОС5.1|ИОС5.5.1,1724_25,1724_25:doc_48ee9de4|1724_25:doc_5efb363f
table_layout,425c9dfb01633d3e35cf0899aca4c1b71ce6ddf5,2,2,2,ИД,1724_25|1725_25,1724_25:doc_801fee11|1725_25:doc_df6a5246
table_layout,4ba2fa6d13159e040ce46f2d93a18fd717417725,2,2,2,ИД,1724_25|1725_25,1724_25:doc_801fee11|1725_25:doc_df6a5246
table_layout,4caa29c4e43568d4fa40784f4a6f0cf058b32ab3,2,2,2,ИД,1724_25|1725_25,1724_25:doc_801fee11|1725_25:doc_df6a5246
table_layout,4d89bc82f8a689090fbbde5daa46b89f5a6d1fa1,2,2,2,ПОКР,1724_25|1725_25,1724_25:doc_34536dc1|1725_25:doc_32fcaa56
table_layout,567ba53bbbefff99c326218df25b1a883f005301,2,2,2,ИД,1724_25|1725_25,1724_25:doc_801fee11|1725_25:doc_df6a5246
table_layout,56a56b74e9b0453756aa29325debb6af2eec75f5,2,2,2,ИОС5.4.1,1724_25|1725_25,1724_25:doc_c8e972bf|1725_25:doc_10be5f2b
table_layout,57ac50dd7a4b74f41c826a3b3321170684fa1898,2,2,2,ПОКР,1724_25|1725_25,1724_25:doc_34536dc1|1725_25:doc_32fcaa56
table_layout,5cec60322071b6aedc7276621b270c4bcddb57a3,2,2,2,АР,1724_25|1725_25,1724_25:doc_984f5a08|1725_25:doc_96e96f2d
table_layout,5eff94ed1611b1fbfd2eb1fe906078557e7e20ed,2,2,2,ИОС5.1,1724_25|1725_25,1724_25:doc_5efb363f|1725_25:doc_726dfa3d
table_layout,5f3091b70995947340b2269e206a1d14a8e5c0ee,2,2,2,ИД,1724_25|1725_25,1724_25:doc_801fee11|1725_25:doc_df6a5246
table_layout,6fe309a7bcba79025ab1149dd8b9099969f71629,2,2,2,ИД,1724_25|1725_25,1724_25:doc_801fee11|1725_25:doc_df6a5246
table_layout,74a12398dd3d4b8252e8a49c5e0a0bdf72a3c050,2,2,2,СМ,1724_25|1725_25,1724_25:doc_b44ce08b|1725_25:doc_c985f0bc
table_layout,7613cfef0b6e549c84da0a50f6d04b8325503554,2,2,2,ИД,1724_25|1725_25,1724_25:doc_801fee11|1725_25:doc_df6a5246
table_layout,848be6cd656314e52b66c3efd6e5938805558e93,2,2,2,ИД,1724_25|1725_25,1724_25:doc_801fee11|1725_25:doc_df6a5246
table_layout,8b80464a11766799f420edb1a1cb555b64ff6f6a,2,2,1,ИОС5.1|ИОС5.5.1,1724_25,1724_25:doc_48ee9de4|1724_25:doc_5efb363f
table_layout,902316b8374ac20f7ea5af742d3afae4120ccc5a,2,2,2,ИОС5.1,1724_25|1725_25,1724_25:doc_5efb363f|1725_25:doc_726dfa3d
table_layout,90aea2ec1d800ae220607a32cb6bfa92becd76ca,2,2,2,ИД,1724_25|1725_25,1724_25:doc_801fee11|1725_25:doc_df6a5246
table_layout,98f78b64a100c28daf3cb9e3e30207f87452ce18,2,2,2,ПОКР,1724_25|1725_25,1724_25:doc_34536dc1|1725_25:doc_32fcaa56
table_layout,9d605fde9c0008f28916e368ef2c9e367bbb3457,2,2,2,ИД,1724_25|1725_25,1724_25:doc_801fee11|1725_25:doc_df6a5246
table_layout,9de0515737c158bb67a23c9603bacc27f6d3c48c,2,2,1,ИОС5.1|ИОС5.5.1,1724_25,1724_25:doc_48ee9de4|1724_25:doc_5efb363f
table_layout,9ebe61a36556a760da587374155505f8cab0f95c,2,2,2,ИД,1724_25|1725_25,1724_25:doc_801fee11|1725_25:doc_df6a5246
table_layout,a8dc5168fa86f5b10c95b1ac591dd834de0393da,2,2,2,КР,1724_25|1725_25,1724_25:doc_a624e984|1725_25:doc_93cc45b2
table_layout,af4ddb6a1e6623e14d433f5dfa5ae6769fd265b9,2,2,1,ИОС5.1|ИОС5.5.1,1724_25,1724_25:doc_48ee9de4|1724_25:doc_5efb363f
table_layout,b01269500728e551e08c248d79cea3c41da32610,2,2,2,ПОКР,1724_25|1725_25,1724_25:doc_34536dc1|1725_25:doc_32fcaa56
table_layout,b90dc22546f106b4de74d46be0787b937971d631,2,2,2,СМ,1724_25|1725_25,1724_25:doc_b44ce08b|1725_25:doc_c985f0bc
table_layout,bc795967bb55e92b02e326ca8c11ff0da47da8a5,2,2,2,ИД,1724_25|1725_25,1724_25:doc_801fee11|1725_25:doc_df6a5246
table_layout,bcf26d11b74d4c9f0fa7f7a76f3832b582cd80c4,2,2,2,ИД,1724_25|1725_25,1724_25:doc_801fee11|1725_25:doc_df6a5246
table_layout,bfd391ba5eddef8b1d169c85be11936227eb78f1,2,2,2,ИД,1724_25|1725_25,1724_25:doc_801fee11|1725_25:doc_df6a5246
table_layout,c38254d13a52cd371f9fefc6b3db13a32c351daf,2,2,2,ИД,1724_25|1725_25,1724_25:doc_801fee11|1725_25:doc_df6a5246
table_layout,c38fea00ebdfa3dbd135c223c3d6713e58d1c84e,2,2,2,СМ,1724_25|1725_25,1724_25:doc_b44ce08b|1725_25:doc_c985f0bc
table_layout,cf8821fc8aa8623eee15447b2daeb4379ed8a2b0,2,2,2,ИОС5.1,1724_25|1725_25,1724_25:doc_5efb363f|1725_25:doc_726dfa3d
table_layout,d677147b930e3e95c681d0ce39c6f58d561e6e2c,2,2,2,ИД,1724_25|1725_25,1724_25:doc_801fee11|1725_25:doc_df6a5246
table_layout,d7bec5ca83962e01e9d1e6929fbb4a66bec98958,2,2,2,ИОС5.4.1,1724_25|1725_25,1724_25:doc_c8e972bf|1725_25:doc_10be5f2b
table_layout,e96bbe4d70c340c4e0ce28cfbca2b9e914f690d2,2,2,2,ИД,1724_25|1725_25,1724_25:doc_801fee11|1725_25:doc_df6a5246
table_layout,ecb67215cd6d2b1f420a29c10b206b0b864d595e,2,2,2,ИД,1724_25|1725_25,1724_25:doc_801fee11|1725_25:doc_df6a5246
table_layout,f48d565484ac0c835e56ad4139f0e3b7e78a1457,2,2,2,ПОКР,1724_25|1725_25,1724_25:doc_34536dc1|1725_25:doc_32fcaa56
table_layout,f6cd17b67e06c5ba404010a159b0cc89ae7fa28b,2,2,2,ИД,1724_25|1725_25,1724_25:doc_801fee11|1725_25:doc_df6a5246
table_layout,f8a47ea4fd37d0d120ecef4bc7bd39fe4eb0f5f2,2,2,2,ИД,1724_25|1725_25,1724_25:doc_801fee11|1725_25:doc_df6a5246
table_layout,f90a49d05345adc3a023c203b130019d70867e31,2,2,2,ИОС5.4.1,1724_25|1725_25,1724_25:doc_c8e972bf|1725_25:doc_10be5f2b
table_layout,fa4efda0281ec92678a9097f957a3fb0b4cfb7c8,2,2,2,ИОС5.5.1,1724_25|1725_25,1724_25:doc_48ee9de4|1725_25:doc_3555e5a4
