object_id,bundle_id,section_code,crc32,table_id,page_number,row_count,column_count,cell_count,text_element_count,line_element_count,frame_element_count,bbox_area,layout_signature,layout_signature_source,content_sha1
1724_25,doc_984f5a08,АР,984F5A08,tbl_1_1,1,2,3,2,2,7,0,9296.78,2b31a4437e93cdfa205f1fd99df15ece0d21de8d,rows:2|cols:3|cells:2|text:2|lines:7|frames:0|size:336.8x27.6,2b6346809c816faa519fa0b65122f5420979d0bd
1724_25,doc_984f5a08,АР,984F5A08,tbl_2_1,2,2,3,2,2,7,0,9296.78,2b31a4437e93cdfa205f1fd99df15ece0d21de8d,rows:2|cols:3|cells:2|text:2|lines:7|frames:0|size:336.8x27.6,2b6346809c816faa519fa0b65122f5420979d0bd
1724_25,doc_984f5a08,АР,984F5A08,tbl_3_1,3,7,3,21,11,12,1,66583.05,5cec60322071b6aedc7276621b270c4bcddb57a3,rows:7|cols:3|cells:21|text:11|lines:12|frames:1|size:494.6x134.6,7e333200c9530edf71b361e7b024b4b1306332a6
1724_25,doc_984f5a08,АР,984F5A08,tbl_4_1,4,11,6,44,40,21,1,196500.32,44462779ede31506fdf1b4d0626e387e4cda8745,rows:11|cols:6|cells:44|text:40|lines:21|frames:1|size:497.2x395.2,5adf10756609caf15c11c208e512238c5505102b
1724_25,doc_984f5a08,АР,984F5A08,tbl_8_1,8,69,11,55,2,88,1,81622.86,0fe3764b9c9c944ad4870ca155558a1efcb35223,rows:69|cols:11|cells:55|text:2|lines:88|frames:1|size:155.7x524.4,f74760a5c818b665bb18c0cc75299abbcd9880ed
1724_25,doc_a624e984,КР,A624E984,tbl_1_1,1,2,3,2,2,7,0,9296.78,2b31a4437e93cdfa205f1fd99df15ece0d21de8d,rows:2|cols:3|cells:2|text:2|lines:7|frames:0|size:336.8x27.6,2b6346809c816faa519fa0b65122f5420979d0bd
1724_25,doc_a624e984,КР,A624E984,tbl_2_1,2,2,3,2,2,7,0,9296.78,2b31a4437e93cdfa205f1fd99df15ece0d21de8d,rows:2|cols:3|cells:2|text:2|lines:7|frames:0|size:336.8x27.6,2b6346809c816faa519fa0b65122f5420979d0bd
1724_25,doc_a624e984,КР,A624E984,tbl_3_1,3,8,3,24,11,13,1,75382.36,a8dc5168fa86f5b10c95b1ac591dd834de0393da,rows:8|cols:3|cells:24|text:11|lines:13|frames:1|size:494.6x152.4,53df78d309fb73c047c95e53b570b27391f90e28
1724_25,doc_a624e984,КР,A624E984,tbl_4_1,4,11,6,44,40,21,1,196500.32,44462779ede31506fdf1b4d0626e387e4cda8745,rows:11|cols:6|cells:44|text:40|lines:21|frames:1|size:497.2x395.2,5adf10756609caf15c11c208e512238c5505102b
1724_25,doc_a624e984,КР,A624E984,tbl_5_1,5,7,2,12,15,13,1,46908.86,111c60d9fa3b0b7d0636ee3f9c8f07d350ed2c73,rows:7|cols:2|cells:12|text:15|lines:13|frames:1|size:441.1x106.3,521dc81fb4c10bc27141e74c44053d70c06acce9
1724_25,doc_a624e984,КР,A624E984,tbl_9_1,9,61,15,50,2,98,1,77479.15,2f210b5e98c5af56e867641684cd2564956f2c1e,rows:61|cols:15|cells:50|text:2|lines:98|frames:1|size:155.6x497.8,bf3904baaa7ea57abb54c2ae27fb5cfad88c4530
1724_25,doc_34536dc1,ПОКР,34536DC1,tbl_1_1,1,2,3,2,2,7,0,9296.78,2b31a4437e93cdfa205f1fd99df15ece0d21de8d,rows:2|cols:3|cells:2|text:2|lines:7|frames:0|size:336.8x27.6,2b6346809c816faa519fa0b65122f5420979d0bd
1724_25,doc_34536dc1,ПОКР,34536DC1,tbl_2_1,2,2,3,2,2,7,0,9296.78,2b31a4437e93cdfa205f1fd99df15ece0d21de8d,rows:2|cols:3|cells:2|text:2|lines:7|frames:0|size:336.8x27.6,2b6346809c816faa519fa0b65122f5420979d0bd
1724_25,doc_34536dc1,ПОКР,34536DC1,tbl_3_1,3,8,3,24,13,13,1,75382.36,4d89bc82f8a689090fbbde5daa46b89f5a6d1fa1,rows:8|cols:3|cells:24|text:13|lines:13|frames:1|size:494.6x152.4,6e78fa2080b7215dcada273d6731ff82988b12cb
1724_25,doc_34536dc1,ПОКР,34536DC1,tbl_4_1,4,11,6,44,40,21,1,196500.32,44462779ede31506fdf1b4d0626e387e4cda8745,rows:11|cols:6|cells:44|text:40|lines:21|frames:1|size:497.2x395.2,5adf10756609caf15c11c208e512238c5505102b
1724_25,doc_34536dc1,ПОКР,34536DC1,tbl_11_1,11,3,3,7,8,9,1,39051.59,98f78b64a100c28daf3cb9e3e30207f87452ce18,rows:3|cols:3|cells:7|text:8|lines:9|frames:1|size:437.7x89.2,0439fb01b0416c44ae30acbcb5d5ba94216a43e2
1724_25,doc_34536dc1,ПОКР,34536DC1,tbl_16_1,16,15,13,64,6,36,1,81762.18,f48d565484ac0c835e56ad4139f0e3b7e78a1457,rows:15|cols:13|cells:64|text:6|lines:36|frames:1|size:155.9x524.5,a0ed09a716401e652ced90bc7545b854de58d960
1724_25,doc_34536dc1,ПОКР,34536DC1,tbl_19_1,19,17,6,102,153,25,1,324265.27,b01269500728e551e08c248d79cea3c41da32610,rows:17|cols:6|cells:102|text:153|lines:25|frames:1|size:452.5x716.6,e2264523b501601bfbf1bf15adfce1aa0c940ea6
1724_25,doc_34536dc1,ПОКР,34536DC1,tbl_20_1,20,15,6,90,125,23,1,283261.53,57ac50dd7a4b74f41c826a3b3321170684fa1898,rows:15|cols:6|cells:90|text:125|lines:23|frames:1|size:452.5x626.0,9a78e580028c3a65eee2b8f173d6269a8854b1f2
1724_25,doc_801fee11,ИД,801FEE11,tbl_1_1,1,2,3,2,2,7,0,9296.78,2b31a4437e93cdfa205f1fd99df15ece0d21de8d,rows:2|cols:3|cells:2|text:2|lines:7|frames:0|size:336.8x27.6,2b6346809c816faa519fa0b65122f5420979d0bd
1724_25,doc_801fee11,ИД,801FEE11,tbl_2_1,2,2,3,2,2,7,0,9296.78,2b31a4437e93cdfa205f1fd99df15ece0d21de8d,rows:2|cols:3|cells:2|text:2|lines:7|frames:0|size:336.8x27.6,2b6346809c816faa519fa0b65122f5420979d0bd
1724_25,doc_801fee11,ИД,801FEE11,tbl_3_1,3,7,3,21,10,12,1,66583.05,4d409b9ec58eb41827652ad898d0ef3867926371,rows:7|cols:3|cells:21|text:10|lines:12|frames:1|size:494.6x134.6,a516ebbd23359561449361b3ec487b6333ed61a8
1724_25,doc_801fee11,ИД,801FEE11,tbl_4_1,4,11,6,44,40,21,1,196500.32,44462779ede31506fdf1b4d0626e387e4cda8745,rows:11|cols:6|cells:44|text:40|lines:21|frames:1|size:497.2x395.2,5adf10756609caf15c11c208e512238c5505102b
1724_25,doc_801fee11,ИД,801FEE11,tbl_5_1,5,4,8,21,13,16,1,21849.72,ecb67215cd6d2b1f420a29c10b206b0b864d595e,rows:4|cols:8|cells:21|text:13|lines:16|frames:1|size:521.1x41.9,7d3594f523f0010d8dfbefb687b8b6db150987b1
1724_25,doc_801fee11,ИД,801FEE11,tbl_22_1,22,1,13,13,13,16,0,2830.59,f6cd17b67e06c5ba404010a159b0cc89ae7fa28b,rows:1|cols:13|cells:13|text:13|lines:16|frames:0|size:174.2x16.2,c2d3d7d4f8446669666cb367a22a67645da22502
1724_25,doc_801fee11,ИД,801FEE11,tbl_22_2,22,14,3,34,50,25,0,189897.49,c38254d13a52cd371f9fefc6b3db13a32c351daf,rows:14|cols:3|cells:34|text:50|lines:25|frames:0|size:495.8x383.0,68bbfd7e49d02533c4c18ba76a4643f93b26d74b
1724_25,doc_801fee11,ИД,801FEE11,tbl_23_1,23,28,3,64,89,45,0,355625.21,90aea2ec1d800ae220607a32cb6bfa92becd76ca,rows:28|cols:3|cells:64|text:89|lines:45|frames:0|size:495.8x717.3,8e8f2beb887db6437a81719b85702385e237b065
1724_25,doc_801fee11,ИД,801FEE11,tbl_24_1,24,35,3,77,93,60,0,358109.12,bfd391ba5eddef8b1d169c85be11936227eb78f1,rows:35|cols:3|cells:77|text:93|lines:60|frames:0|size:495.8x722.3,7d4323d5b44034ecb0ba12a0927e77673cb93f59
1724_25,doc_801fee11,ИД,801FEE11,tbl_25_1,25,33,3,77,93,52,0,360092.28,6fe309a7bcba79025ab1149dd8b9099969f71629,rows:33|cols:3|cells:77|text:93|lines:52|frames:0|size:495.8x726.3,7e8b718d9dbf4bb31cc792f548e53bc1586f39b7
1724_25,doc_801fee11,ИД,801FEE11,tbl_26_1,26,31,3,61,81,48,0,350176.48,567ba53bbbefff99c326218df25b1a883f005301,rows:31|cols:3|cells:61|text:81|lines:48|frames:0|size:495.8x706.3,9994eae239e7908eb8f676220cf7f4eb0ff5fc00
1724_25,doc_801fee11,ИД,801FEE11,tbl_27_1,27,32,3,64,80,51,0,352035.69,5f3091b70995947340b2269e206a1d14a8e5c0ee,rows:32|cols:3|cells:64|text:80|lines:51|frames:0|size:495.8x710.0,df1028557c36993941c04ba8e24bb677b3dcca82
1724_25,doc_801fee11,ИД,801FEE11,tbl_28_1,28,28,3,56,74,45,0,331827.29,848be6cd656314e52b66c3efd6e5938805558e93,rows:28|cols:3|cells:56|text:74|lines:45|frames:0|size:495.8x669.3,d7b44b5f3821b13dfbb83f5bd5e3c0bb963c3235
1724_25,doc_801fee11,ИД,801FEE11,tbl_29_1,29,34,3,75,83,55,0,362075.44,f8a47ea4fd37d0d120ecef4bc7bd39fe4eb0f5f2,rows:34|cols:3|cells:75|text:83|lines:55|frames:0|size:495.8x730.3,174cfbe3e5aafb6309dbed1e587cd1ac4091f010
1724_25,doc_801fee11,ИД,801FEE11,tbl_30_1,30,27,3,61,84,48,0,353766.0,e96bbe4d70c340c4e0ce28cfbca2b9e914f690d2,rows:27|cols:3|cells:61|text:84|lines:48|frames:0|size:495.8x713.5,b1376087f591d4c004894f195b90a3cf2af6cde0
1724_25,doc_801fee11,ИД,801FEE11,tbl_31_1,31,22,3,55,88,37,0,361574.69,009b8ef8a1d2fd821628cda362f8f189f7297530,rows:22|cols:3|cells:55|text:88|lines:37|frames:0|size:495.8x729.3,4fe6d1d360f7e815da9318089a2e75b3df642de8
1724_25,doc_801fee11,ИД,801FEE11,tbl_32_1,32,31,3,74,89,54,0,362075.44,d677147b930e3e95c681d0ce39c6f58d561e6e2c,rows:31|cols:3|cells:74|text:89|lines:54|frames:0|size:495.8x730.3,67e6cc5fcb7dd5ea82d26ecd0d297796bd07cc1d
1724_25,doc_801fee11,ИД,801FEE11,tbl_33_1,33,34,3,82,89,57,0,362199.38,9ebe61a36556a760da587374155505f8cab0f95c,rows:34|cols:3|cells:82|text:89|lines:57|frames:0|size:495.8x730.5,7e0f0332778de19a71dc7672ee4e0039869fe5f2
1724_25,doc_801fee11,ИД,801FEE11,tbl_34_1,34,36,3,89,93,59,0,354643.54,bc795967bb55e92b02e326ca8c11ff0da47da8a5,rows:36|cols:3|cells:89|text:93|lines:59|frames:0|size:495.8x715.3,c1fbfb70bbb48b8e20a09444ef672b563584080e
1724_25,doc_801fee11,ИД,801FEE11,tbl_35_1,35,31,3,76,89,50,0,350424.37,bcf26d11b74d4c9f0fa7f7a76f3832b582cd80c4,rows:31|cols:3|cells:76|text:89|lines:50|frames:0|size:495.8x706.8,275a7b19b3e7e9aefe0992e48d01bdc771a02dd2
1724_25,doc_801fee11,ИД,801FEE11,tbl_36_1,36,35,3,87,94,56,0,364430.44,101f16856a2c3fa995b0eac0c95f0e0cda2db812,rows:35|cols:3|cells:87|text:94|lines:56|frames:0|size:495.8x735.0,f23166c5cf48216204f50d8a2366589ea5e3115d
1724_25,doc_801fee11,ИД,801FEE11,tbl_37_1,37,25,3,61,84,42,0,349799.68,9d605fde9c0008f28916e368ef2c9e367bbb3457,rows:25|cols:3|cells:61|text:84|lines:42|frames:0|size:495.8x705.5,c050b0fabf498fd5230c4f61b54f85fa15a24507
1724_25,doc_801fee11,ИД,801FEE11,tbl_38_1,38,32,3,78,90,53,0,352283.58,4ba2fa6d13159e040ce46f2d93a18fd717417725,rows:32|cols:3|cells:78|text:90|lines:53|frames:0|size:495.8x710.5,9e22178e742788a1efc2ac629f30ff39eac85c2b
1724_25,doc_801fee11,ИД,801FEE11,tbl_39_1,39,33,3,81,91,52,0,360340.17,298dafcaf50ad1d9c4825447093d2d253119a5c0,rows:33|cols:3|cells:81|text:91|lines:52|frames:0|size:495.8x726.8,4bc72d0bd8c311496dbef4f58607103e326388dd
1724_25,doc_801fee11,ИД,801FEE11,tbl_40_1,40,32,3,78,85,51,0,334435.14,7613cfef0b6e549c84da0a50f6d04b8325503554,rows:32|cols:3|cells:78|text:85|lines:51|frames:0|size:495.8x674.5,590eb5f0e06c6702dbdd2046215e4c3d980150a0
1724_25,doc_801fee11,ИД,801FEE11,tbl_41_1,41,32,3,78,90,51,0,358357.01,425c9dfb01633d3e35cf0899aca4c1b71ce6ddf5,rows:32|cols:3|cells:78|text:90|lines:51|frames:0|size:495.8x722.8,87141887c3cc29f638c52ab6a1b57844f6c3241d
1724_25,doc_801fee11,ИД,801FEE11,tbl_42_1,42,14,3,35,37,25,0,142177.7,4caa29c4e43568d4fa40784f4a6f0cf058b32ab3,rows:14|cols:3|cells:35|text:37|lines:25|frames:0|size:495.8x286.8,ca9d0c70e6c47ad51ad238532451c88dff143210
1724_25,doc_801fee11,ИД,801FEE11,tbl_43_1,43,12,5,32,52,19,1,215322.62,048fecd3fdca043ffe522ffb99a8a9cc67cdd28a,rows:12|cols:5|cells:32|text:52|lines:19|frames:1|size:551.4x390.5,fed796bbf844f44525d4220bcfda802a57f3e45a
1724_25,doc_801fee11,ИД,801FEE11,tbl_44_1,44,10,4,24,45,19,1,275878.49,07d26e933452b15874f59953250afdcd9d793d4e,rows:10|cols:4|cells:24|text:45|lines:19|frames:1|size:551.4x500.4,b06e6e23bd6f1ae680acc3fdd12c5f930709ebda
1724_25,doc_5efb363f,ИОС5.1,5EFB363F,tbl_1_1,1,2,3,2,2,7,0,9296.78,2b31a4437e93cdfa205f1fd99df15ece0d21de8d,rows:2|cols:3|cells:2|text:2|lines:7|frames:0|size:336.8x27.6,2b6346809c816faa519fa0b65122f5420979d0bd
1724_25,doc_5efb363f,ИОС5.1,5EFB363F,tbl_2_1,2,2,3,2,2,7,0,9296.78,2b31a4437e93cdfa205f1fd99df15ece0d21de8d,rows:2|cols:3|cells:2|text:2|lines:7|frames:0|size:336.8x27.6,2b6346809c816faa519fa0b65122f5420979d0bd
1724_25,doc_5efb363f,ИОС5.1,5EFB363F,tbl_3_1,3,7,3,21,10,12,1,66583.05,4d409b9ec58eb41827652ad898d0ef3867926371,rows:7|cols:3|cells:21|text:10|lines:12|frames:1|size:494.6x134.6,207278db25270484cc118317eedd2341036cf696
1724_25,doc_5efb363f,ИОС5.1,5EFB363F,tbl_4_1,4,11,6,44,40,21,1,196500.32,44462779ede31506fdf1b4d0626e387e4cda8745,rows:11|cols:6|cells:44|text:40|lines:21|frames:1|size:497.2x395.2,5adf10756609caf15c11c208e512238c5505102b
1724_25,doc_5efb363f,ИОС5.1,5EFB363F,tbl_5_1,5,44,32,80,67,91,1,336556.86,902316b8374ac20f7ea5af742d3afae4120ccc5a,rows:44|cols:32|cells:80|text:67|lines:91|frames:1|size:479.2x702.4,5dd9b2679d3a5c9a6daf0cbdfd14a57d40395082
1724_25,doc_5efb363f,ИОС5.1,5EFB363F,tbl_6_1,6,36,32,70,61,78,1,268398.3,36386419a33d0674bcbb3e0a009c8a5812922c89,rows:36|cols:32|cells:70|text:61|lines:78|frames:1|size:479.2x560.1,438fd2b1510fa2ca6d2df346c53d515af84717f4
1724_25,doc_5efb363f,ИОС5.1,5EFB363F,tbl_7_1,7,9,11,37,17,22,1,68215.54,cf8821fc8aa8623eee15447b2daeb4379ed8a2b0,rows:9|cols:11|cells:37|text:17|lines:22|frames:1|size:479.2x142.3,6d7859abac1dd1453050523a4500753c55be1736
1724_25,doc_5efb363f,ИОС5.1,5EFB363F,tbl_11_1,11,22,1,22,16,25,0,152148.5,5eff94ed1611b1fbfd2eb1fe906078557e7e20ed,rows:22|cols:1|cells:22|text:16|lines:25|frames:0|size:470.6x323.3,85f8bf370f83f09fbdd3fbbd6622717568c0ef2b
1724_25,doc_5efb363f,ИОС5.1,5EFB363F,tbl_14_1,14,29,22,137,72,71,1,692882.36,af4ddb6a1e6623e14d433f5dfa5ae6769fd265b9,rows:29|cols:22|cells:137|text:72|lines:71|frames:1|size:647.8x1069.6,552f27a54f98c7f5bf0bb3b8ba5e8974317946bd
1724_25,doc_5efb363f,ИОС5.1,5EFB363F,tbl_14_2,14,13,11,50,19,29,1,58718.74,2c34b086075607ccfef987e3fd8a53d5f72ddd7b,rows:13|cols:11|cells:50|text:19|lines:29|frames:1|size:126.4x464.4,59cb586515499bc43b04a6081a1a8765e3220d7d
1724_25,doc_5efb363f,ИОС5.1,5EFB363F,tbl_15_1,15,6,15,19,26,28,1,79606.76,9de0515737c158bb67a23c9603bacc27f6d3c48c,rows:6|cols:15|cells:19|text:26|lines:28|frames:1|size:651.2x122.2,38c13d3ec61a752f692dbec84813f6a9a5c7c90d
1724_25,doc_5efb363f,ИОС5.1,5EFB363F,tbl_15_2,15,28,11,102,76,53,1,238067.1,3a1b562d3861d653831474dad26a649c2d6b9820,rows:28|cols:11|cells:102|text:76|lines:53|frames:1|size:261.9x909.0,08755969050313f07f8206043e274ac2d4869981
1724_25,doc_5efb363f,ИОС5.1,5EFB363F,tbl_15_3,15,14,11,50,19,28,1,59002.89,8b80464a11766799f420edb1a1cb555b64ff6f6a,rows:14|cols:11|cells:50|text:19|lines:28|frames:1|size:126.7x465.8,e7c366516ce52f9ca15692da16b3d6d4c75227ca
1724_25,doc_5efb363f,ИОС5.1,5EFB363F,tbl_16_1,16,4,8,11,8,35,1,101311.53,03db9340136706c6ca0b9e6f37a5135af139443d,rows:4|cols:8|cells:11|text:8|lines:35|frames:1|size:273.2x370.9,77badcf999fbbe6a5672addc834d559fff5f35b1
1724_25,doc_5efb363f,ИОС5.1,5EFB363F,tbl_16_2,16,16,11,50,19,31,1,57142.11,ffd2d93704aa14a4d67f8ba5749be73d845a5eec,rows:16|cols:11|cells:50|text:19|lines:31|frames:1|size:123.6x462.2,f786cebd039e89db42fa5c0f1dc5f379535545ba
1724_25,doc_5efb363f,ИОС5.1,5EFB363F,tbl_17_1,17,19,10,50,19,33,1,59158.28,a3c4fe7abe1c9cf6d0790fcba1af27c1a1e56244,rows:19|cols:10|cells:50|text:19|lines:33|frames:1|size:127.0x466.0,f80e688506e72be4e7c7855cdf5578b081a2c482
1724_25,doc_5efb363f,ИОС5.1,5EFB363F,tbl_17_2,17,4,6,16,10,14,1,30478.18,bd7718d666e8ffd4162cbc909f17d02f3605d688,rows:4|cols:6|cells:16|text:10|lines:14|frames:1|size:128.3x237.5,43dd038c60801f5f1ac10648675ebda82cf6bb73
1724_25,doc_5efb363f,ИОС5.1,5EFB363F,tbl_18_1,18,15,11,50,19,30,1,58724.45,11334f342a06ea719afbfe0f2867201b779a4b4d,rows:15|cols:11|cells:50|text:19|lines:30|frames:1|size:126.3x465.0,bb51c426a2c204d3f7f3e80e7dbd6254d883f1aa
1724_25,doc_5efb363f,ИОС5.1,5EFB363F,tbl_18_2,18,10,20,31,17,39,1,51553.01,68ef85f8fbf210b7ecc20ff602a2fdad13b8c2ba,rows:10|cols:20|cells:31|text:17|lines:39|frames:1|size:218.0x236.5,3dba80d1f42e42ad5c7126f28fa5132b0b211d16
1724_25,doc_5efb363f,ИОС5.1,5EFB363F,tbl_19_1,19,16,11,50,19,31,1,59482.98,ed9e74e88a8e681722cc4a83ff58a97cdfd9edda,rows:16|cols:11|cells:50|text:19|lines:31|frames:1|size:127.2x467.6,0dc3731276a9063c292df41cb7bf90878b39d6c5
1724_25,doc_5efb363f,ИОС5.1,5EFB363F,tbl_19_2,19,3,8,22,11,13,1,39335.97,54d043335da67b7acaca0d3e4b451d8bda18356b,rows:3|cols:8|cells:22|text:11|lines:13|frames:1|size:165.2x238.1,9ddf26abe2480205bb5cbd56cd2bd9de07a494f4
1724_25,doc_5efb363f,ИОС5.1,5EFB363F,tbl_20_1,20,16,11,50,19,31,1,58886.78,fbff8407c66364d3ff41494371e290bfe6d60423,rows:16|cols:11|cells:50|text:19|lines:31|frames:1|size:126.7x464.8,e7c29bdb54134ba972325aeedec1ba0642795efd
1724_25,doc_c8e972bf,ИОС5.4.1,C8E972BF,tbl_1_1,1,2,3,2,2,7,0,9296.78,2b31a4437e93cdfa205f1fd99df15ece0d21de8d,rows:2|cols:3|cells:2|text:2|lines:7|frames:0|size:336.8x27.6,2b6346809c816faa519fa0b65122f5420979d0bd
1724_25,doc_c8e972bf,ИОС5.4.1,C8E972BF,tbl_2_1,2,2,3,2,2,7,0,9296.78,2b31a4437e93cdfa205f1fd99df15ece0d21de8d,rows:2|cols:3|cells:2|text:2|lines:7|frames:0|size:336.8x27.6,2b6346809c816faa519fa0b65122f5420979d0bd
1724_25,doc_c8e972bf,ИОС5.4.1,C8E972BF,tbl_3_1,3,11,17,44,19,33,1,143148.58,56a56b74e9b0453756aa29325debb6af2eec75f5,rows:11|cols:17|cells:44|text:19|lines:33|frames:1|size:560.4x255.4,21c2b402ab4cf75e36b655807aebd9620675a49a
1724_25,doc_c8e972bf,ИОС5.4.1,C8E972BF,tbl_3_2,3,8,3,24,11,13,1,104145.78,d7bec5ca83962e01e9d1e6929fbb4a66bec98958,rows:8|cols:3|cells:24|text:11|lines:13|frames:1|size:507.8x205.1,8caf882cb9e42088c47425c34120dbd764484424
1724_25,doc_c8e972bf,ИОС5.4.1,C8E972BF,tbl_4_1,4,11,6,44,40,21,1,196500.32,44462779ede31506fdf1b4d0626e387e4cda8745,rows:11|cols:6|cells:44|text:40|lines:21|frames:1|size:497.2x395.2,5adf10756609caf15c11c208e512238c5505102b
1724_25,doc_c8e972bf,ИОС5.4.1,C8E972BF,tbl_5_1,5,27,12,89,100,43,1,447830.93,f90a49d05345adc3a023c203b130019d70867e31,rows:27|cols:12|cells:89|text:100|lines:43|frames:1|size:558.0x802.5,ab232aba5fe14b3559ec1acd1bceaf1132dd09c9
1724_25,doc_c8e972bf,ИОС5.4.1,C8E972BF,tbl_6_1,6,18,12,60,29,34,1,447505.17,18364200aa1ca0287ee4a61f74fac6272ef98f9c,rows:18|cols:12|cells:60|text:29|lines:34|frames:1|size:558.1x801.9,d1b5ae09d6d9bd68305a4d3015fec582a73f9a51
1724_25,doc_c8e972bf,ИОС5.4.1,C8E972BF,tbl_7_1,7,7,10,27,10,21,1,142806.09,9c70601b4fb9f2af7f2003a48dabeb60901ad9f8,rows:7|cols:10|cells:27|text:10|lines:21|frames:1|size:558.6x255.7,17c405aa9ff0decff362b2e5ffeb6a256230162e
1724_25,doc_c8e972bf,ИОС5.4.1,C8E972BF,tbl_8_1,8,7,10,27,10,21,1,142806.09,9c70601b4fb9f2af7f2003a48dabeb60901ad9f8,rows:7|cols:10|cells:27|text:10|lines:21|frames:1|size:558.6x255.7,eb8f734c94ddb6f9d00dbddf5f8b35d6c3a70b6c
1724_25,doc_c8e972bf,ИОС5.4.1,C8E972BF,tbl_9_1,9,7,10,27,10,21,1,142806.09,9c70601b4fb9f2af7f2003a48dabeb60901ad9f8,rows:7|cols:10|cells:27|text:10|lines:21|frames:1|size:558.6x255.7,564c475e5b92aa305bae463cc12b8d7de486e467
1724_25,doc_c8e972bf,ИОС5.4.1,C8E972BF,tbl_10_1,10,7,10,27,10,21,1,142806.09,9c70601b4fb9f2af7f2003a48dabeb60901ad9f8,rows:7|cols:10|cells:27|text:10|lines:21|frames:1|size:558.6x255.7,cd7717fb752b64e27c8d2b4bb2e3280b8b5d8e2a
1724_25,doc_c8e972bf,ИОС5.4.1,C8E972BF,tbl_11_1,11,7,10,27,10,21,1,142806.09,9c70601b4fb9f2af7f2003a48dabeb60901ad9f8,rows:7|cols:10|cells:27|text:10|lines:21|frames:1|size:558.6x255.7,2a840fdf6794729c73202338205eb5122f220a01
1724_25,doc_c8e972bf,ИОС5.4.1,C8E972BF,tbl_12_1,12,43,18,327,23,70,1,447796.02,f4bd39368da525a342faff4586d8a1d0d7d068c6,rows:43|cols:18|cells:327|text:23|lines:70|frames:1|size:559.9x799.9,1368905a80a18966ae92f152a735e7060da385e4
1724_25,doc_c8e972bf,ИОС5.4.1,C8E972BF,tbl_13_1,13,30,17,56,15,60,1,59478.27,26d4362a2166dee2daeaaeacaca2f2b3367745d9,rows:30|cols:17|cells:56|text:15|lines:60|frames:1|size:133.6x445.3,251df6f8522ddc85cd77a3ad3b88969cae0dd655
1724_25,doc_c8e972bf,ИОС5.4.1,C8E972BF,tbl_13_2,13,26,14,10,10,135,1,132680.35,a4ecc6273da7652d742a5c20612db7b2ec9cf857,rows:26|cols:14|cells:10|text:10|lines:135|frames:1|size:157.2x844.1,537ac2dd2e4c7724bca157629146735a46044ed8
1724_25,doc_c8e972bf,ИОС5.4.1,C8E972BF,tbl_14_1,14,58,16,60,16,94,1,65745.14,49a09557bb01e6758a59d1dfd3a094480259faa3,rows:58|cols:16|cells:60|text:16|lines:94|frames:1|size:139.8x470.3,b696d5c265cdc267ee95c8cfc0750ddd43a2ad65
1724_25,doc_c8e972bf,ИОС5.4.1,C8E972BF,tbl_15_1,15,60,21,61,16,114,0,60021.86,48e013aaf52c35e908bd8dc4bfca76f754b3d25d,rows:60|cols:21|cells:61|text:16|lines:114|frames:0|size:133.6x449.4,43405939142a4776920820a09339ef68ce7cfd77
1724_25,doc_c8e972bf,ИОС5.4.1,C8E972BF,tbl_16_1,16,60,21,61,16,114,0,60021.86,48e013aaf52c35e908bd8dc4bfca76f754b3d25d,rows:60|cols:21|cells:61|text:16|lines:114|frames:0|size:133.6x449.4,843457d2a40bcb726a1d3e54c53c8ba5d6b4b9bd
1724_25,doc_c8e972bf,ИОС5.4.1,C8E972BF,tbl_17_1,17,60,21,61,16,114,0,60021.86,48e013aaf52c35e908bd8dc4bfca76f754b3d25d,rows:60|cols:21|cells:61|text:16|lines:114|frames:0|size:133.6x449.4,52aec7274770286d7bc4dd9206e484ef007d0f96
1724_25,doc_c8e972bf,ИОС5.4.1,C8E972BF,tbl_18_1,18,4,1,4,53,8,1,63038.59,cfcfecfbd8826ed5184db5253a2d9f6bd117f688,rows:4|cols:1|cells:4|text:53|lines:8|frames:1|size:431.2x146.2,2ad83393e000b8cf0c64734ce7c16d856fb2a50f
1724_25,doc_c8e972bf,ИОС5.4.1,C8E972BF,tbl_18_2,18,3,1,3,52,6,1,57967.56,55aa4ac92567bfae91de24c8d2159a2385c02b90,rows:3|cols:1|cells:3|text:52|lines:6|frames:1|size:431.2x134.4,53598151a0a16241627b6c26641bbf2a2e583810
1724_25,doc_c8e972bf,ИОС5.4.1,C8E972BF,tbl_18_3,18,4,1,4,45,7,1,182513.94,7b35d48fcf01fd17d6dc9d04d751d4696efba3f8,rows:4|cols:1|cells:4|text:45|lines:7|frames:1|size:431.2x423.3,2244d0aca07f405ab4486d1499b03bb6622c4b6d
1724_25,doc_48ee9de4,ИОС5.5.1,48EE9DE4,tbl_1_1,1,2,3,2,2,7,0,9296.78,2b31a4437e93cdfa205f1fd99df15ece0d21de8d,rows:2|cols:3|cells:2|text:2|lines:7|frames:0|size:336.8x27.6,2b6346809c816faa519fa0b65122f5420979d0bd
1724_25,doc_48ee9de4,ИОС5.5.1,48EE9DE4,tbl_2_1,2,2,3,2,2,7,0,9296.78,2b31a4437e93cdfa205f1fd99df15ece0d21de8d,rows:2|cols:3|cells:2|text:2|lines:7|frames:0|size:336.8x27.6,2b6346809c816faa519fa0b65122f5420979d0bd
1724_25,doc_48ee9de4,ИОС5.5.1,48EE9DE4,tbl_3_1,3,7,3,21,10,12,1,66583.05,4d409b9ec58eb41827652ad898d0ef3867926371,rows:7|cols:3|cells:21|text:10|lines:12|frames:1|size:494.6x134.6,5b92a90924916861d3ceafaf2012c641e40cbb9b
1724_25,doc_48ee9de4,ИОС5.5.1,48EE9DE4,tbl_4_1,4,11,6,44,40,21,1,196500.32,44462779ede31506fdf1b4d0626e387e4cda8745,rows:11|cols:6|cells:44|text:40|lines:21|frames:1|size:497.2x395.2,5adf10756609caf15c11c208e512238c5505102b
1724_25,doc_48ee9de4,ИОС5.5.1,48EE9DE4,tbl_5_1,5,52,14,143,83,78,1,447642.8,148440e540dbacf46479a99f8d017967f0b4d75b,rows:52|cols:14|cells:143|text:83|lines:78|frames:1|size:557.7x802.6,5e04dd2db03a2c5a1264202dfda096aa57ce063a
1724_25,doc_48ee9de4,ИОС5.5.1,48EE9DE4,tbl_6_1,6,13,16,63,13,31,1,98260.65,26d16a4b3291359d19a9eaeff5f3a70c4be82c20,rows:13|cols:16|cells:63|text:13|lines:31|frames:1|size:479.2x205.1,f11cb6e0c5a338c165f326b0a82d302a053e85bc
1724_25,doc_48ee9de4,ИОС5.5.1,48EE9DE4,tbl_7_1,7,5,3,7,18,10,1,143205.44,fa4efda0281ec92678a9097f957a3fb0b4cfb7c8,rows:5|cols:3|cells:7|text:18|lines:10|frames:1|size:558.5x256.4,018c806b840994505149ceaefccaf47cd9f2e9aa
1724_25,doc_48ee9de4,ИОС5.5.1,48EE9DE4,tbl_8_1,8,7,10,27,12,21,1,142730.73,3e6bd9c82949a9adf61bc29397b480503d92fd9e,rows:7|cols:10|cells:27|text:12|lines:21|frames:1|size:558.5x255.6,f8b50922d7d3907364845eebd34c86bfbb3c2939
1724_25,doc_48ee9de4,ИОС5.5.1,48EE9DE4,tbl_9_1,9,7,10,27,12,21,1,142730.73,3e6bd9c82949a9adf61bc29397b480503d92fd9e,rows:7|cols:10|cells:27|text:12|lines:21|frames:1|size:558.5x255.6,0dc5c4c33142008a887f364a5ef5b2ec3254851b
1724_25,doc_48ee9de4,ИОС5.5.1,48EE9DE4,tbl_10_1,10,12,4,21,9,20,1,22025.44,ab781657cbb7aa69f4b22401fb2f1db283faf676,rows:12|cols:4|cells:21|text:9|lines:20|frames:1|size:42.7x516.1,1064732d332786d9a753a15ba3ff2bd3cc67fbbe
1724_25,doc_48ee9de4,ИОС5.5.1,48EE9DE4,tbl_11_1,11,29,22,137,72,71,1,692882.36,af4ddb6a1e6623e14d433f5dfa5ae6769fd265b9,rows:29|cols:22|cells:137|text:72|lines:71|frames:1|size:647.8x1069.6,552f27a54f98c7f5bf0bb3b8ba5e8974317946bd
1724_25,doc_48ee9de4,ИОС5.5.1,48EE9DE4,tbl_11_2,11,13,11,50,19,29,1,58718.74,2c34b086075607ccfef987e3fd8a53d5f72ddd7b,rows:13|cols:11|cells:50|text:19|lines:29|frames:1|size:126.4x464.4,d06d9785aac11786889020c7f061f6ac60b63a17
1724_25,doc_48ee9de4,ИОС5.5.1,48EE9DE4,tbl_12_1,12,6,15,19,26,28,1,79606.76,9de0515737c158bb67a23c9603bacc27f6d3c48c,rows:6|cols:15|cells:19|text:26|lines:28|frames:1|size:651.2x122.2,38c13d3ec61a752f692dbec84813f6a9a5c7c90d
1724_25,doc_48ee9de4,ИОС5.5.1,48EE9DE4,tbl_12_2,12,28,11,102,76,53,1,238067.1,3a1b562d3861d653831474dad26a649c2d6b9820,rows:28|cols:11|cells:102|text:76|lines:53|frames:1|size:261.9x909.0,08755969050313f07f8206043e274ac2d4869981
1724_25,doc_48ee9de4,ИОС5.5.1,48EE9DE4,tbl_12_3,12,14,11,50,19,28,1,59002.89,8b80464a11766799f420edb1a1cb555b64ff6f6a,rows:14|cols:11|cells:50|text:19|lines:28|frames:1|size:126.7x465.8,dfaa4be427cc9dae4b4fd9c16cd7ffc68db49ad7
1724_25,doc_48ee9de4,ИОС5.5.1,48EE9DE4,tbl_13_1,13,1,4,2,2,62,1,802.02,1573d6f343b976f925ec6ed7684de3ac895775a9,rows:1|cols:4|cells:2|text:2|lines:62|frames:1|size:28.3x28.3,c2f9e0a183119a6e0c500efad6c4569dea9c40fe
1724_25,doc_48ee9de4,ИОС5.5.1,48EE9DE4,tbl_13_2,13,5,5,7,5,62,1,7283.03,f98411f0f7ab1f6f47c9c1e168f8124c8cd22666,rows:5|cols:5|cells:7|text:5|lines:62|frames:1|size:120.8x60.3,505cb0cb7ca8cf7ffde79f92383655e3610b3cf5
1724_25,doc_48ee9de4,ИОС5.5.1,48EE9DE4,tbl_13_3,13,14,4,21,9,22,1,22285.27,ab2906140baf0066264e6732c4103461a7d58bcf,rows:14|cols:4|cells:21|text:9|lines:22|frames:1|size:42.6x523.6,c5bf14200432ed57b3c85889073a2b5bb42e4226
1724_25,doc_48ee9de4,ИОС5.5.1,48EE9DE4,tbl_14_1,14,5,5,8,2,37,1,16525.13,6e5ef50d096c89239b34df578498a18d8ec9426e,rows:5|cols:5|cells:8|text:2|lines:37|frames:1|size:131.6x125.6,173093258bbedf940dae6814e4b53e56c1b29d6e
1724_25,doc_48ee9de4,ИОС5.5.1,48EE9DE4,tbl_14_2,14,13,4,21,8,20,1,22349.93,af00c5e82f4b88df83d220ebc025c402367c8edd,rows:13|cols:4|cells:21|text:8|lines:20|frames:1|size:42.6x524.4,fafd5e2999f77392d408a4957f86016f21977f4f
1724_25,doc_48ee9de4,ИОС5.5.1,48EE9DE4,tbl_15_1,15,16,11,50,18,31,1,60197.67,88e28d58aec708b95cbb4fa7204179f09f83d397,rows:16|cols:11|cells:50|text:18|lines:31|frames:1|size:128.7x467.7,df2f40a8ae0d386acc1ad351b8d92d73b9485e96
1724_25,doc_48ee9de4,ИОС5.5.1,48EE9DE4,tbl_16_1,16,16,11,50,18,31,1,59541.17,8f2fde401f87ee95db5a30ff2896c723c06813c4,rows:16|cols:11|cells:50|text:18|lines:31|frames:1|size:127.3x467.8,df2f40a8ae0d386acc1ad351b8d92d73b9485e96
1724_25,doc_48ee9de4,ИОС5.5.1,48EE9DE4,tbl_17_1,17,14,11,50,19,29,1,59557.37,3b7a3bfff6b577f23f67e00f12c1f933138d9835,rows:14|cols:11|cells:50|text:19|lines:29|frames:1|size:127.4x467.5,9388a59000ba849774e979c722f2a8f33c712615
1724_25,doc_48ee9de4,ИОС5.5.1,48EE9DE4,tbl_18_1,18,16,11,50,19,31,1,59575.63,b67a5e58f831f70f5da97cfcbf5311494c1ea5ba,rows:16|cols:11|cells:50|text:19|lines:31|frames:1|size:127.4x467.7,aa8f1b80bf54302b1601add11a08f5e937f80f15
1724_25,doc_48ee9de4,ИОС5.5.1,48EE9DE4,tbl_19_1,19,16,11,50,19,31,1,58993.69,b79372b6ebd4451dc51cee3fa20db303f83c49e7,rows:16|cols:11|cells:50|text:19|lines:31|frames:1|size:126.8x465.4,bf71a3d6b5c977e9f7f83f61a851a23f9fc402a7
1724_25,doc_48ee9de4,ИОС5.5.1,48EE9DE4,tbl_20_1,20,16,11,50,19,31,1,58420.48,39159d6ac19ac4a26517bbf13833562a2cc33f75,rows:16|cols:11|cells:50|text:19|lines:31|frames:1|size:126.1x463.1,53bb391253f2f6295380228c8cd778939eef5efc
1724_25,doc_b44ce08b,СМ,B44CE08B,tbl_1_1,1,2,3,2,2,7,0,9296.78,2b31a4437e93cdfa205f1fd99df15ece0d21de8d,rows:2|cols:3|cells:2|text:2|lines:7|frames:0|size:336.8x27.6,2b6346809c816faa519fa0b65122f5420979d0bd
1724_25,doc_b44ce08b,СМ,B44CE08B,tbl_2_1,2,2,3,2,2,7,0,9296.78,2b31a4437e93cdfa205f1fd99df15ece0d21de8d,rows:2|cols:3|cells:2|text:2|lines:7|frames:0|size:336.8x27.6,2b6346809c816faa519fa0b65122f5420979d0bd
1724_25,doc_b44ce08b,СМ,B44CE08B,tbl_3_1,3,11,6,44,40,21,1,196500.32,44462779ede31506fdf1b4d0626e387e4cda8745,rows:11|cols:6|cells:44|text:40|lines:21|frames:1|size:497.2x395.2,5adf10756609caf15c11c208e512238c5505102b
1724_25,doc_b44ce08b,СМ,B44CE08B,tbl_4_1,4,6,3,18,24,11,1,93298.54,c38fea00ebdfa3dbd135c223c3d6713e58d1c84e,rows:6|cols:3|cells:18|text:24|lines:11|frames:1|size:497.4x187.6,03d4d6433bc6bafeb808d6038a5d49777aa97293
1724_25,doc_b44ce08b,СМ,B44CE08B,tbl_5_1,5,4,8,20,8,15,1,20640.66,8937ba27e274027df4724d4bbf61822fe95d12d3,rows:4|cols:8|cells:20|text:8|lines:15|frames:1|size:486.1x42.5,2a2443ca02bcfe99779cfa79c4be13dc47197a2f
1724_25,doc_b44ce08b,СМ,B44CE08B,tbl_5_2,5,7,7,8,7,19,0,42281.4,74a12398dd3d4b8252e8a49c5e0a0bdf72a3c050,rows:7|cols:7|cells:8|text:7|lines:19|frames:0|size:438.2x96.5,decd1e683da211ff262da6b8979970869d2f1d3b
1724_25,doc_b44ce08b,СМ,B44CE08B,tbl_6_1,6,4,8,20,8,15,1,20640.66,8937ba27e274027df4724d4bbf61822fe95d12d3,rows:4|cols:8|cells:20|text:8|lines:15|frames:1|size:486.1x42.5,7b642ce5228dbfde6caefe69344c1e111f70aae1
1724_25,doc_b44ce08b,СМ,B44CE08B,tbl_7_1,7,4,8,20,8,15,1,20640.66,8937ba27e274027df4724d4bbf61822fe95d12d3,rows:4|cols:8|cells:20|text:8|lines:15|frames:1|size:486.1x42.5,c902616788a4a9f6c35ae5b6cddebc09555fbe8d
1724_25,doc_b44ce08b,СМ,B44CE08B,tbl_8_1,8,49,9,288,257,158,1,308041.16,b90dc22546f106b4de74d46be0787b937971d631,rows:49|cols:9|cells:288|text:257|lines:158|frames:1|size:528.3x583.1,a2e4b10f7a6eb2ca53ef38c672db2ebe4672da54
1724_25,doc_b44ce08b,СМ,B44CE08B,tbl_9_1,9,3,12,26,36,17,1,29062.87,324cf89c01b3f587cb10af37f05678a33e28672f,rows:3|cols:12|cells:26|text:36|lines:17|frames:1|size:539.4x53.9,ceb20aae4bd32e0c1a6aa1fe20edb7e5841bb489
1724_25,doc_b44ce08b,СМ,B44CE08B,tbl_41_1,41,12,5,32,52,19,1,215322.62,048fecd3fdca043ffe522ffb99a8a9cc67cdd28a,rows:12|cols:5|cells:32|text:52|lines:19|frames:1|size:551.4x390.5,fed796bbf844f44525d4220bcfda802a57f3e45a
1724_25,doc_b44ce08b,СМ,B44CE08B,tbl_42_1,42,10,4,24,45,19,1,275878.49,07d26e933452b15874f59953250afdcd9d793d4e,rows:10|cols:4|cells:24|text:45|lines:19|frames:1|size:551.4x500.4,b06e6e23bd6f1ae680acc3fdd12c5f930709ebda
1725_25,doc_96e96f2d,АР,96E96F2D,tbl_1_1,1,2,3,2,2,7,0,9296.78,2b31a4437e93cdfa205f1fd99df15ece0d21de8d,rows:2|cols:3|cells:2|text:2|lines:7|frames:0|size:336.8x27.6,2b6346809c816faa519fa0b65122f5420979d0bd
1725_25,doc_96e96f2d,АР,96E96F2D,tbl_2_1,2,2,3,2,2,7,0,9296.78,2b31a4437e93cdfa205f1fd99df15ece0d21de8d,rows:2|cols:3|cells:2|text:2|lines:7|frames:0|size:336.8x27.6,2b6346809c816faa519fa0b65122f5420979d0bd
1725_25,doc_96e96f2d,АР,96E96F2D,tbl_3_1,3,7,3,21,11,12,1,66583.05,5cec60322071b6aedc7276621b270c4bcddb57a3,rows:7|cols:3|cells:21|text:11|lines:12|frames:1|size:494.6x134.6,7e333200c9530edf71b361e7b024b4b1306332a6
1725_25,doc_96e96f2d,АР,96E96F2D,tbl_4_1,4,11,6,44,40,21,1,196500.32,44462779ede31506fdf1b4d0626e387e4cda8745,rows:11|cols:6|cells:44|text:40|lines:21|frames:1|size:497.2x395.2,5adf10756609caf15c11c208e512238c5505102b
1725_25,doc_96e96f2d,АР,96E96F2D,tbl_8_1,8,56,14,55,2,84,1,81622.86,fce36174875b06ea4a050e5e734d8ee9ac25848a,rows:56|cols:14|cells:55|text:2|lines:84|frames:1|size:155.7x524.4,798351d010bbd72552e5c8481fdda2fe88610732
1725_25,doc_93cc45b2,КР,93CC45B2,tbl_1_1,1,2,3,2,2,7,0,9296.78,2b31a4437e93cdfa205f1fd99df15ece0d21de8d,rows:2|cols:3|cells:2|text:2|lines:7|frames:0|size:336.8x27.6,2b6346809c816faa519fa0b65122f5420979d0bd
1725_25,doc_93cc45b2,КР,93CC45B2,tbl_2_1,2,2,3,2,2,7,0,9296.78,2b31a4437e93cdfa205f1fd99df15ece0d21de8d,rows:2|cols:3|cells:2|text:2|lines:7|frames:0|size:336.8x27.6,2b6346809c816faa519fa0b65122f5420979d0bd
1725_25,doc_93cc45b2,КР,93CC45B2,tbl_3_1,3,8,3,24,11,13,1,75382.36,a8dc5168fa86f5b10c95b1ac591dd834de0393da,rows:8|cols:3|cells:24|text:11|lines:13|frames:1|size:494.6x152.4,53df78d309fb73c047c95e53b570b27391f90e28
1725_25,doc_93cc45b2,КР,93CC45B2,tbl_4_1,4,11,6,44,40,21,1,196500.32,44462779ede31506fdf1b4d0626e387e4cda8745,rows:11|cols:6|cells:44|text:40|lines:21|frames:1|size:497.2x395.2,5adf10756609caf15c11c208e512238c5505102b
1725_25,doc_93cc45b2,КР,93CC45B2,tbl_5_1,5,7,2,12,15,13,1,46908.86,111c60d9fa3b0b7d0636ee3f9c8f07d350ed2c73,rows:7|cols:2|cells:12|text:15|lines:13|frames:1|size:441.1x106.3,521dc81fb4c10bc27141e74c44053d70c06acce9
1725_25,doc_93cc45b2,КР,93CC45B2,tbl_9_1,9,59,13,45,2,93,1,77479.15,acb445f690bb5f7bf2327df1d08be759b753a934,rows:59|cols:13|cells:45|text:2|lines:93|frames:1|size:155.6x497.8,76ba312f1ef00f5dc95e3dbe9f16163fded783c2
1725_25,doc_32fcaa56,ПОКР,32FCAA56,tbl_1_1,1,2,3,2,2,7,0,9296.78,2b31a4437e93cdfa205f1fd99df15ece0d21de8d,rows:2|cols:3|cells:2|text:2|lines:7|frames:0|size:336.8x27.6,2b6346809c816faa519fa0b65122f5420979d0bd
1725_25,doc_32fcaa56,ПОКР,32FCAA56,tbl_2_1,2,2,3,2,2,7,0,9296.78,2b31a4437e93cdfa205f1fd99df15ece0d21de8d,rows:2|cols:3|cells:2|text:2|lines:7|frames:0|size:336.8x27.6,2b6346809c816faa519fa0b65122f5420979d0bd
1725_25,doc_32fcaa56,ПОКР,32FCAA56,tbl_3_1,3,8,3,24,13,13,1,75382.36,4d89bc82f8a689090fbbde5daa46b89f5a6d1fa1,rows:8|cols:3|cells:24|text:13|lines:13|frames:1|size:494.6x152.4,6e78fa2080b7215dcada273d6731ff82988b12cb
1725_25,doc_32fcaa56,ПОКР,32FCAA56,tbl_4_1,4,11,6,44,40,21,1,196500.32,44462779ede31506fdf1b4d0626e387e4cda8745,rows:11|cols:6|cells:44|text:40|lines:21|frames:1|size:497.2x395.2,5adf10756609caf15c11c208e512238c5505102b
1725_25,doc_32fcaa56,ПОКР,32FCAA56,tbl_12_1,12,3,3,7,8,9,1,39051.59,98f78b64a100c28daf3cb9e3e30207f87452ce18,rows:3|cols:3|cells:7|text:8|lines:9|frames:1|size:437.7x89.2,0439fb01b0416c44ae30acbcb5d5ba94216a43e2
1725_25,doc_32fcaa56,ПОКР,32FCAA56,tbl_17_1,17,15,13,64,6,36,1,81762.18,f48d565484ac0c835e56ad4139f0e3b7e78a1457,rows:15|cols:13|cells:64|text:6|lines:36|frames:1|size:155.9x524.5,a0ed09a716401e652ced90bc7545b854de58d960
1725_25,doc_32fcaa56,ПОКР,32FCAA56,tbl_20_1,20,17,6,102,153,25,1,324265.27,b01269500728e551e08c248d79cea3c41da32610,rows:17|cols:6|cells:102|text:153|lines:25|frames:1|size:452.5x716.6,3f0d15f311bc815e3a5f5cf89fc9db3bde031df2
1725_25,doc_32fcaa56,ПОКР,32FCAA56,tbl_21_1,21,15,6,90,125,23,1,283261.53,57ac50dd7a4b74f41c826a3b3321170684fa1898,rows:15|cols:6|cells:90|text:125|lines:23|frames:1|size:452.5x626.0,c948123e50a5fce0b9f3edd8259870c0fe04d90f
1725_25,doc_df6a5246,ИД,DF6A5246,tbl_1_1,1,2,3,2,2,7,0,9296.78,2b31a4437e93cdfa205f1fd99df15ece0d21de8d,rows:2|cols:3|cells:2|text:2|lines:7|frames:0|size:336.8x27.6,2b6346809c816faa519fa0b65122f5420979d0bd
1725_25,doc_df6a5246,ИД,DF6A5246,tbl_2_1,2,2,3,2,2,7,0,9296.78,2b31a4437e93cdfa205f1fd99df15ece0d21de8d,rows:2|cols:3|cells:2|text:2|lines:7|frames:0|size:336.8x27.6,2b6346809c816faa519fa0b65122f5420979d0bd
1725_25,doc_df6a5246,ИД,DF6A5246,tbl_3_1,3,7,3,21,10,12,1,66583.05,4d409b9ec58eb41827652ad898d0ef3867926371,rows:7|cols:3|cells:21|text:10|lines:12|frames:1|size:494.6x134.6,a516ebbd23359561449361b3ec487b6333ed61a8
1725_25,doc_df6a5246,ИД,DF6A5246,tbl_4_1,4,11,6,44,40,21,1,196500.32,44462779ede31506fdf1b4d0626e387e4cda8745,rows:11|cols:6|cells:44|text:40|lines:21|frames:1|size:497.2x395.2,5adf10756609caf15c11c208e512238c5505102b
1725_25,doc_df6a5246,ИД,DF6A5246,tbl_5_1,5,4,8,21,13,16,1,21849.72,ecb67215cd6d2b1f420a29c10b206b0b864d595e,rows:4|cols:8|cells:21|text:13|lines:16|frames:1|size:521.1x41.9,7d3594f523f0010d8dfbefb687b8b6db150987b1
1725_25,doc_df6a5246,ИД,DF6A5246,tbl_22_1,22,1,13,13,13,16,0,2830.59,f6cd17b67e06c5ba404010a159b0cc89ae7fa28b,rows:1|cols:13|cells:13|text:13|lines:16|frames:0|size:174.2x16.2,c2d3d7d4f8446669666cb367a22a67645da22502
1725_25,doc_df6a5246,ИД,DF6A5246,tbl_22_2,22,14,3,34,50,25,0,189897.49,c38254d13a52cd371f9fefc6b3db13a32c351daf,rows:14|cols:3|cells:34|text:50|lines:25|frames:0|size:495.8x383.0,68bbfd7e49d02533c4c18ba76a4643f93b26d74b
1725_25,doc_df6a5246,ИД,DF6A5246,tbl_23_1,23,28,3,64,89,45,0,355625.21,90aea2ec1d800ae220607a32cb6bfa92becd76ca,rows:28|cols:3|cells:64|text:89|lines:45|frames:0|size:495.8x717.3,8e8f2beb887db6437a81719b85702385e237b065
1725_25,doc_df6a5246,ИД,DF6A5246,tbl_24_1,24,35,3,77,93,60,0,358109.12,bfd391ba5eddef8b1d169c85be11936227eb78f1,rows:35|cols:3|cells:77|text:93|lines:60|frames:0|size:495.8x722.3,7d4323d5b44034ecb0ba12a0927e77673cb93f59
1725_25,doc_df6a5246,ИД,DF6A5246,tbl_25_1,25,33,3,77,93,52,0,360092.28,6fe309a7bcba79025ab1149dd8b9099969f71629,rows:33|cols:3|cells:77|text:93|lines:52|frames:0|size:495.8x726.3,7e8b718d9dbf4bb31cc792f548e53bc1586f39b7
1725_25,doc_df6a5246,ИД,DF6A5246,tbl_26_1,26,31,3,61,81,48,0,350176.48,567ba53bbbefff99c326218df25b1a883f005301,rows:31|cols:3|cells:61|text:81|lines:48|frames:0|size:495.8x706.3,9994eae239e7908eb8f676220cf7f4eb0ff5fc00
1725_25,doc_df6a5246,ИД,DF6A5246,tbl_27_1,27,32,3,64,80,51,0,352035.69,5f3091b70995947340b2269e206a1d14a8e5c0ee,rows:32|cols:3|cells:64|text:80|lines:51|frames:0|size:495.8x710.0,df1028557c36993941c04ba8e24bb677b3dcca82
1725_25,doc_df6a5246,ИД,DF6A5246,tbl_28_1,28,28,3,56,74,45,0,331827.29,848be6cd656314e52b66c3efd6e5938805558e93,rows:28|cols:3|cells:56|text:74|lines:45|frames:0|size:495.8x669.3,d7b44b5f3821b13dfbb83f5bd5e3c0bb963c3235
1725_25,doc_df6a5246,ИД,DF6A5246,tbl_29_1,29,34,3,75,83,55,0,362075.44,f8a47ea4fd37d0d120ecef4bc7bd39fe4eb0f5f2,rows:34|cols:3|cells:75|text:83|lines:55|frames:0|size:495.8x730.3,174cfbe3e5aafb6309dbed1e587cd1ac4091f010
1725_25,doc_df6a5246,ИД,DF6A5246,tbl_30_1,30,27,3,61,84,48,0,353766.0,e96bbe4d70c340c4e0ce28cfbca2b9e914f690d2,rows:27|cols:3|cells:61|text:84|lines:48|frames:0|size:495.8x713.5,b1376087f591d4c004894f195b90a3cf2af6cde0
1725_25,doc_df6a5246,ИД,DF6A5246,tbl_31_1,31,22,3,55,88,37,0,361574.69,009b8ef8a1d2fd821628cda362f8f189f7297530,rows:22|cols:3|cells:55|text:88|lines:37|frames:0|size:495.8x729.3,4fe6d1d360f7e815da9318089a2e75b3df642de8
1725_25,doc_df6a5246,ИД,DF6A5246,tbl_32_1,32,31,3,74,89,54,0,362075.44,d677147b930e3e95c681d0ce39c6f58d561e6e2c,rows:31|cols:3|cells:74|text:89|lines:54|frames:0|size:495.8x730.3,67e6cc5fcb7dd5ea82d26ecd0d297796bd07cc1d
1725_25,doc_df6a5246,ИД,DF6A5246,tbl_33_1,33,34,3,82,89,57,0,362199.38,9ebe61a36556a760da587374155505f8cab0f95c,rows:34|cols:3|cells:82|text:89|lines:57|frames:0|size:495.8x730.5,7e0f0332778de19a71dc7672ee4e0039869fe5f2
1725_25,doc_df6a5246,ИД,DF6A5246,tbl_34_1,34,36,3,89,93,59,0,354643.54,bc795967bb55e92b02e326ca8c11ff0da47da8a5,rows:36|cols:3|cells:89|text:93|lines:59|frames:0|size:495.8x715.3,c1fbfb70bbb48b8e20a09444ef672b563584080e
1725_25,doc_df6a5246,ИД,DF6A5246,tbl_35_1,35,31,3,76,89,50,0,350424.37,bcf26d11b74d4c9f0fa7f7a76f3832b582cd80c4,rows:31|cols:3|cells:76|text:89|lines:50|frames:0|size:495.8x706.8,275a7b19b3e7e9aefe0992e48d01bdc771a02dd2
1725_25,doc_df6a5246,ИД,DF6A5246,tbl_36_1,36,35,3,87,94,56,0,364430.44,101f16856a2c3fa995b0eac0c95f0e0cda2db812,rows:35|cols:3|cells:87|text:94|lines:56|frames:0|size:495.8x735.0,f23166c5cf48216204f50d8a2366589ea5e3115d
1725_25,doc_df6a5246,ИД,DF6A5246,tbl_37_1,37,25,3,61,84,42,0,349799.68,9d605fde9c0008f28916e368ef2c9e367bbb3457,rows:25|cols:3|cells:61|text:84|lines:42|frames:0|size:495.8x705.5,c050b0fabf498fd5230c4f61b54f85fa15a24507
1725_25,doc_df6a5246,ИД,DF6A5246,tbl_38_1,38,32,3,78,90,53,0,352283.58,4ba2fa6d13159e040ce46f2d93a18fd717417725,rows:32|cols:3|cells:78|text:90|lines:53|frames:0|size:495.8x710.5,9e22178e742788a1efc2ac629f30ff39eac85c2b
1725_25,doc_df6a5246,ИД,DF6A5246,tbl_39_1,39,33,3,81,91,52,0,360340.17,298dafcaf50ad1d9c4825447093d2d253119a5c0,rows:33|cols:3|cells:81|text:91|lines:52|frames:0|size:495.8x726.8,4bc72d0bd8c311496dbef4f58607103e326388dd
1725_25,doc_df6a5246,ИД,DF6A5246,tbl_40_1,40,32,3,78,85,51,0,334435.14,7613cfef0b6e549c84da0a50f6d04b8325503554,rows:32|cols:3|cells:78|text:85|lines:51|frames:0|size:495.8x674.5,590eb5f0e06c6702dbdd2046215e4c3d980150a0
1725_25,doc_df6a5246,ИД,DF6A5246,tbl_41_1,41,32,3,78,90,51,0,358357.01,425c9dfb01633d3e35cf0899aca4c1b71ce6ddf5,rows:32|cols:3|cells:78|text:90|lines:51|frames:0|size:495.8x722.8,87141887c3cc29f638c52ab6a1b57844f6c3241d
1725_25,doc_df6a5246,ИД,DF6A5246,tbl_42_1,42,14,3,35,37,25,0,142177.7,4caa29c4e43568d4fa40784f4a6f0cf058b32ab3,rows:14|cols:3|cells:35|text:37|lines:25|frames:0|size:495.8x286.8,ca9d0c70e6c47ad51ad238532451c88dff143210
1725_25,doc_df6a5246,ИД,DF6A5246,tbl_43_1,43,12,5,32,52,19,1,215322.62,048fecd3fdca043ffe522ffb99a8a9cc67cdd28a,rows:12|cols:5|cells:32|text:52|lines:19|frames:1|size:551.4x390.5,fed796bbf844f44525d4220bcfda802a57f3e45a
1725_25,doc_df6a5246,ИД,DF6A5246,tbl_44_1,44,10,4,24,45,19,1,275878.49,07d26e933452b15874f59953250afdcd9d793d4e,rows:10|cols:4|cells:24|text:45|lines:19|frames:1|size:551.4x500.4,b06e6e23bd6f1ae680acc3fdd12c5f930709ebda
1725_25,doc_726dfa3d,ИОС5.1,726DFA3D,tbl_1_1,1,2,3,2,2,7,0,9296.78,2b31a4437e93cdfa205f1fd99df15ece0d21de8d,rows:2|cols:3|cells:2|text:2|lines:7|frames:0|size:336.8x27.6,2b6346809c816faa519fa0b65122f5420979d0bd
1725_25,doc_726dfa3d,ИОС5.1,726DFA3D,tbl_2_1,2,2,3,2,2,7,0,9296.78,2b31a4437e93cdfa205f1fd99df15ece0d21de8d,rows:2|cols:3|cells:2|text:2|lines:7|frames:0|size:336.8x27.6,2b6346809c816faa519fa0b65122f5420979d0bd
1725_25,doc_726dfa3d,ИОС5.1,726DFA3D,tbl_3_1,3,7,3,21,10,12,1,66583.05,4d409b9ec58eb41827652ad898d0ef3867926371,rows:7|cols:3|cells:21|text:10|lines:12|frames:1|size:494.6x134.6,207278db25270484cc118317eedd2341036cf696
1725_25,doc_726dfa3d,ИОС5.1,726DFA3D,tbl_4_1,4,11,6,44,40,21,1,196500.32,44462779ede31506fdf1b4d0626e387e4cda8745,rows:11|cols:6|cells:44|text:40|lines:21|frames:1|size:497.2x395.2,5adf10756609caf15c11c208e512238c5505102b
1725_25,doc_726dfa3d,ИОС5.1,726DFA3D,tbl_5_1,5,44,32,80,67,91,1,336556.86,902316b8374ac20f7ea5af742d3afae4120ccc5a,rows:44|cols:32|cells:80|text:67|lines:91|frames:1|size:479.2x702.4,5dd9b2679d3a5c9a6daf0cbdfd14a57d40395082
1725_25,doc_726dfa3d,ИОС5.1,726DFA3D,tbl_6_1,6,36,32,70,61,78,1,268398.3,36386419a33d0674bcbb3e0a009c8a5812922c89,rows:36|cols:32|cells:70|text:61|lines:78|frames:1|size:479.2x560.1,438fd2b1510fa2ca6d2df346c53d515af84717f4
1725_25,doc_726dfa3d,ИОС5.1,726DFA3D,tbl_7_1,7,9,11,37,17,22,1,68215.54,cf8821fc8aa8623eee15447b2daeb4379ed8a2b0,rows:9|cols:11|cells:37|text:17|lines:22|frames:1|size:479.2x142.3,6d7859abac1dd1453050523a4500753c55be1736
1725_25,doc_726dfa3d,ИОС5.1,726DFA3D,tbl_11_1,11,22,1,22,16,25,0,152148.5,5eff94ed1611b1fbfd2eb1fe906078557e7e20ed,rows:22|cols:1|cells:22|text:16|lines:25|frames:0|size:470.6x323.3,85f8bf370f83f09fbdd3fbbd6622717568c0ef2b
1725_25,doc_726dfa3d,ИОС5.1,726DFA3D,tbl_14_1,14,46,33,197,92,100,1,877975.65,c9d4c851c0f836f65802fa4435ece94bc1003a30,rows:46|cols:33|cells:197|text:92|lines:100|frames:1|size:794.2x1105.5,98a212b90229de3eab88ef8a0a727e2675a2a27b
1725_25,doc_726dfa3d,ИОС5.1,726DFA3D,tbl_15_1,15,3,11,15,26,18,1,61713.91,6a2b40577fb5b107044111889c610f2d05c6288f,rows:3|cols:11|cells:15|text:26|lines:18|frames:1|size:654.7x94.3,364cb8f64c2fffb440415c679444bc7bda441768
1725_25,doc_726dfa3d,ИОС5.1,726DFA3D,tbl_15_2,15,34,24,129,64,65,1,374581.39,b91d7ff185574e2ec92f587d0d61a9609d63b559,rows:34|cols:24|cells:129|text:64|lines:65|frames:1|size:406.2x922.2,0da4a097e4032df179d27a850bfcef3074d46762
1725_25,doc_726dfa3d,ИОС5.1,726DFA3D,tbl_16_1,16,4,8,11,8,37,1,103525.82,d321e78dc102a6aa1de1a223d72758eeb4e0ba4e,rows:4|cols:8|cells:11|text:8|lines:37|frames:1|size:275.8x375.4,c96f58b8c0bac63e2b5ce8015fe2e8e26408aec2
1725_25,doc_726dfa3d,ИОС5.1,726DFA3D,tbl_16_2,16,16,11,50,18,31,1,59673.84,aea47eb02dd728ccc54e999d688a57152c447470,rows:16|cols:11|cells:50|text:18|lines:31|frames:1|size:127.6x467.7,9bcee110535d4d01d6352f4d751a05db0488c040
1725_25,doc_726dfa3d,ИОС5.1,726DFA3D,tbl_17_1,17,13,10,50,18,27,1,59734.64,7dbc537f120da5cbc72fffab3baba6d228b4a53a,rows:13|cols:10|cells:50|text:18|lines:27|frames:1|size:127.7x467.7,3b347dbf0c32065db4d696fa4be860ccc74eb22a
1725_25,doc_726dfa3d,ИОС5.1,726DFA3D,tbl_17_2,17,6,7,16,10,18,1,30700.38,3f43e2c1492ac475e9149522a233e32ad97dd021,rows:6|cols:7|cells:16|text:10|lines:18|frames:1|size:128.8x238.3,320f61af9765e5930d5af1bf1c5da2b436f60799
1725_25,doc_726dfa3d,ИОС5.1,726DFA3D,tbl_18_1,18,16,11,50,18,31,1,59810.36,352cdcb5634d2932c8dd3047397b40ac8ef3e7c5,rows:16|cols:11|cells:50|text:18|lines:31|frames:1|size:127.6x468.8,ad5da2ada8cdd5bde315820e9de7575eaa69eb35
1725_25,doc_726dfa3d,ИОС5.1,726DFA3D,tbl_18_2,18,10,20,31,17,39,1,52395.92,7a4319a7cc86ac1441bf55fab6078929751d3cc4,rows:10|cols:20|cells:31|text:17|lines:39|frames:1|size:219.8x238.4,3dba80d1f42e42ad5c7126f28fa5132b0b211d16
1725_25,doc_726dfa3d,ИОС5.1,726DFA3D,tbl_19_1,19,16,11,50,18,31,1,59709.57,514d5bcbdcbc6344e7e6f60355736dcf89ff7c21,rows:16|cols:11|cells:50|text:18|lines:31|frames:1|size:127.6x468.0,bdff8d21d04d971f5e92766022555463402d07ee
1725_25,doc_726dfa3d,ИОС5.1,726DFA3D,tbl_19_2,19,3,8,22,11,13,1,39418.52,ae332ca161be3a21dcb09c4a8d111047333d57c8,rows:3|cols:8|cells:22|text:11|lines:13|frames:1|size:165.4x238.4,d049ff8d056c6732f103a3e6e7ade0c27c77631c
1725_25,doc_726dfa3d,ИОС5.1,726DFA3D,tbl_20_1,20,14,11,50,18,28,1,59649.59,b338e07a13132b248730241885d7855848d1227a,rows:14|cols:11|cells:50|text:18|lines:28|frames:1|size:127.6x467.4,948257f65b2cfd2568bfd8055a1453be87c04217
1725_25,doc_726dfa3d,ИОС5.1,726DFA3D,tbl_21_1,21,20,13,50,18,42,1,59439.99,0333f2aa71b01b2263f7522534cfe27222e832e2,rows:20|cols:13|cells:50|text:18|lines:42|frames:1|size:127.1x467.7,2d0aba1dc51a9d17d17614501892cd2c6cf29e68
1725_25,doc_726dfa3d,ИОС5.1,726DFA3D,tbl_22_1,22,15,11,50,18,30,1,59687.87,86d0e4e8e8d56e2b8b0137d0e99c62e90a9d5db4,rows:15|cols:11|cells:50|text:18|lines:30|frames:1|size:127.6x467.7,9a4180b9b6ce6c7353ec85b10fd63a4859a98db4
1725_25,doc_10be5f2b,ИОС5.4.1,10BE5F2B,tbl_1_1,1,2,3,2,2,7,0,9296.78,2b31a4437e93cdfa205f1fd99df15ece0d21de8d,rows:2|cols:3|cells:2|text:2|lines:7|frames:0|size:336.8x27.6,2b6346809c816faa519fa0b65122f5420979d0bd
1725_25,doc_10be5f2b,ИОС5.4.1,10BE5F2B,tbl_2_1,2,2,3,2,2,7,0,9296.78,2b31a4437e93cdfa205f1fd99df15ece0d21de8d,rows:2|cols:3|cells:2|text:2|lines:7|frames:0|size:336.8x27.6,2b6346809c816faa519fa0b65122f5420979d0bd
1725_25,doc_10be5f2b,ИОС5.4.1,10BE5F2B,tbl_3_1,3,11,17,44,19,33,1,143148.58,56a56b74e9b0453756aa29325debb6af2eec75f5,rows:11|cols:17|cells:44|text:19|lines:33|frames:1|size:560.4x255.4,21c2b402ab4cf75e36b655807aebd9620675a49a
1725_25,doc_10be5f2b,ИОС5.4.1,10BE5F2B,tbl_3_2,3,8,3,24,11,13,1,104145.78,d7bec5ca83962e01e9d1e6929fbb4a66bec98958,rows:8|cols:3|cells:24|text:11|lines:13|frames:1|size:507.8x205.1,8caf882cb9e42088c47425c34120dbd764484424
1725_25,doc_10be5f2b,ИОС5.4.1,10BE5F2B,tbl_4_1,4,11,6,44,40,21,1,196500.32,44462779ede31506fdf1b4d0626e387e4cda8745,rows:11|cols:6|cells:44|text:40|lines:21|frames:1|size:497.2x395.2,5adf10756609caf15c11c208e512238c5505102b
1725_25,doc_10be5f2b,ИОС5.4.1,10BE5F2B,tbl_5_1,5,27,12,89,100,43,1,447830.93,f90a49d05345adc3a023c203b130019d70867e31,rows:27|cols:12|cells:89|text:100|lines:43|frames:1|size:558.0x802.5,ab232aba5fe14b3559ec1acd1bceaf1132dd09c9
1725_25,doc_10be5f2b,ИОС5.4.1,10BE5F2B,tbl_6_1,6,18,12,60,29,34,1,447505.17,18364200aa1ca0287ee4a61f74fac6272ef98f9c,rows:18|cols:12|cells:60|text:29|lines:34|frames:1|size:558.1x801.9,d1b5ae09d6d9bd68305a4d3015fec582a73f9a51
1725_25,doc_10be5f2b,ИОС5.4.1,10BE5F2B,tbl_7_1,7,7,10,27,10,21,1,142739.87,062f67be4d5d331dc00e8421fd37e9f35f560e37,rows:7|cols:10|cells:27|text:10|lines:21|frames:1|size:558.8x255.4,eb8f734c94ddb6f9d00dbddf5f8b35d6c3a70b6c
1725_25,doc_10be5f2b,ИОС5.4.1,10BE5F2B,tbl_8_1,8,7,10,27,10,21,1,142739.87,062f67be4d5d331dc00e8421fd37e9f35f560e37,rows:7|cols:10|cells:27|text:10|lines:21|frames:1|size:558.8x255.4,564c475e5b92aa305bae463cc12b8d7de486e467
1725_25,doc_10be5f2b,ИОС5.4.1,10BE5F2B,tbl_9_1,9,7,10,27,10,21,1,142739.87,062f67be4d5d331dc00e8421fd37e9f35f560e37,rows:7|cols:10|cells:27|text:10|lines:21|frames:1|size:558.8x255.4,cd7717fb752b64e27c8d2b4bb2e3280b8b5d8e2a
1725_25,doc_10be5f2b,ИОС5.4.1,10BE5F2B,tbl_10_1,10,7,10,27,10,21,1,142739.87,062f67be4d5d331dc00e8421fd37e9f35f560e37,rows:7|cols:10|cells:27|text:10|lines:21|frames:1|size:558.8x255.4,2a840fdf6794729c73202338205eb5122f220a01
1725_25,doc_10be5f2b,ИОС5.4.1,10BE5F2B,tbl_11_1,11,7,10,27,10,21,1,142739.87,062f67be4d5d331dc00e8421fd37e9f35f560e37,rows:7|cols:10|cells:27|text:10|lines:21|frames:1|size:558.8x255.4,0c4683d90210059a22a99d1c1af01b40f37147eb
1725_25,doc_10be5f2b,ИОС5.4.1,10BE5F2B,tbl_12_1,12,45,18,327,23,90,1,449436.03,92b6b46bc05466d8643cba13e3e70242eab81da8,rows:45|cols:18|cells:327|text:23|lines:90|frames:1|size:560.0x802.5,7466aee296845c9b5aff62d884d5427b9eb7728d
1725_25,doc_10be5f2b,ИОС5.4.1,10BE5F2B,tbl_13_1,13,41,12,54,15,66,1,60129.61,c66e1ed9364f2034bd33dcd971364a4c24610ef5,rows:41|cols:12|cells:54|text:15|lines:66|frames:1|size:133.9x449.0,1701fd1969a1abf92d4dfebbf72c380ec3511a73
1725_25,doc_10be5f2b,ИОС5.4.1,10BE5F2B,tbl_13_2,13,30,13,11,12,139,1,127652.48,fc54809909282e969001561bce8ecea3ab0fd5cc,rows:30|cols:13|cells:11|text:12|lines:139|frames:1|size:145.4x877.9,1d6f92b71b5b8799ff9e545e622618291172f0c6
1725_25,doc_10be5f2b,ИОС5.4.1,10BE5F2B,tbl_14_1,14,62,16,59,14,104,1,64659.93,9f5d0e99223ae1c4a52a88f708ab6bd1bbe2882c,rows:62|cols:16|cells:59|text:14|lines:104|frames:1|size:138.7x466.3,7d4bb487820fb6d78e8a39c161f8ed81be8aad3e
1725_25,doc_10be5f2b,ИОС5.4.1,10BE5F2B,tbl_15_1,15,61,15,62,14,103,1,60037.89,4f85e72345a14d1e3b2f8d051f53e59269b1a27a,rows:61|cols:15|cells:62|text:14|lines:103|frames:1|size:133.6x449.5,de5a17ad6fd8899ab2222287bf33bca358067efd
1725_25,doc_3555e5a4,ИОС5.5.1,3555E5A4,tbl_1_1,1,2,3,2,2,7,0,9296.78,2b31a4437e93cdfa205f1fd99df15ece0d21de8d,rows:2|cols:3|cells:2|text:2|lines:7|frames:0|size:336.8x27.6,2b6346809c816faa519fa0b65122f5420979d0bd
1725_25,doc_3555e5a4,ИОС5.5.1,3555E5A4,tbl_2_1,2,2,3,2,2,7,0,9296.78,2b31a4437e93cdfa205f1fd99df15ece0d21de8d,rows:2|cols:3|cells:2|text:2|lines:7|frames:0|size:336.8x27.6,2b6346809c816faa519fa0b65122f5420979d0bd
1725_25,doc_3555e5a4,ИОС5.5.1,3555E5A4,tbl_3_1,3,7,3,21,10,12,1,66583.05,4d409b9ec58eb41827652ad898d0ef3867926371,rows:7|cols:3|cells:21|text:10|lines:12|frames:1|size:494.6x134.6,5b92a90924916861d3ceafaf2012c641e40cbb9b
1725_25,doc_3555e5a4,ИОС5.5.1,3555E5A4,tbl_4_1,4,11,6,44,40,21,1,196500.32,44462779ede31506fdf1b4d0626e387e4cda8745,rows:11|cols:6|cells:44|text:40|lines:21|frames:1|size:497.2x395.2,5adf10756609caf15c11c208e512238c5505102b
1725_25,doc_3555e5a4,ИОС5.5.1,3555E5A4,tbl_5_1,5,52,14,143,83,78,1,447642.8,148440e540dbacf46479a99f8d017967f0b4d75b,rows:52|cols:14|cells:143|text:83|lines:78|frames:1|size:557.7x802.6,5e04dd2db03a2c5a1264202dfda096aa57ce063a
1725_25,doc_3555e5a4,ИОС5.5.1,3555E5A4,tbl_6_1,6,13,16,63,13,31,1,98260.65,26d16a4b3291359d19a9eaeff5f3a70c4be82c20,rows:13|cols:16|cells:63|text:13|lines:31|frames:1|size:479.2x205.1,7dcd6aee89b44ef20dfd251d17341b045fef7fbf
1725_25,doc_3555e5a4,ИОС5.5.1,3555E5A4,tbl_7_1,7,5,3,7,18,10,1,143205.44,fa4efda0281ec92678a9097f957a3fb0b4cfb7c8,rows:5|cols:3|cells:7|text:18|lines:10|frames:1|size:558.5x256.4,018c806b840994505149ceaefccaf47cd9f2e9aa
1725_25,doc_3555e5a4,ИОС5.5.1,3555E5A4,tbl_8_1,8,7,10,27,12,21,1,142730.73,3e6bd9c82949a9adf61bc29397b480503d92fd9e,rows:7|cols:10|cells:27|text:12|lines:21|frames:1|size:558.5x255.6,f8b50922d7d3907364845eebd34c86bfbb3c2939
1725_25,doc_3555e5a4,ИОС5.5.1,3555E5A4,tbl_9_1,9,7,10,27,12,21,1,142730.73,3e6bd9c82949a9adf61bc29397b480503d92fd9e,rows:7|cols:10|cells:27|text:12|lines:21|frames:1|size:558.5x255.6,0dc5c4c33142008a887f364a5ef5b2ec3254851b
1725_25,doc_3555e5a4,ИОС5.5.1,3555E5A4,tbl_10_1,10,14,4,21,9,22,1,21655.98,f6299374e66fa8c303bd2ca2ac8269abb5d2fc86,rows:14|cols:4|cells:21|text:9|lines:22|frames:1|size:42.0x516.1,8aee7db298d7a92ce8e306f88d7fb75edf63480e
1725_25,doc_3555e5a4,ИОС5.5.1,3555E5A4,tbl_11_1,11,32,22,141,72,71,1,721650.84,640fa2ca9b3e0a44bc0323e126bee6d055b9bded,rows:32|cols:22|cells:141|text:72|lines:71|frames:1|size:652.4x1106.1,cc4846e9279e7437ea833c96f97f8d362575175a
1725_25,doc_3555e5a4,ИОС5.5.1,3555E5A4,tbl_11_2,11,14,11,50,18,29,1,59564.56,d3cb1e26d4d022cfbde56c7f4287b0b72868d7bf,rows:14|cols:11|cells:50|text:18|lines:29|frames:1|size:127.3x467.8,40b6eefb3f324727b30db90f521d049548c42496
1725_25,doc_3555e5a4,ИОС5.5.1,3555E5A4,tbl_12_1,12,6,15,19,26,28,1,80523.18,602b8e65b0539ca023ee50dfa4dd978297505cc6,rows:6|cols:15|cells:19|text:26|lines:28|frames:1|size:654.7x123.0,38c13d3ec61a752f692dbec84813f6a9a5c7c90d
1725_25,doc_3555e5a4,ИОС5.5.1,3555E5A4,tbl_12_2,12,28,12,102,76,54,1,240632.65,d11608dc2bd9a1713afd96aae030e3c4cd22ef7b,rows:28|cols:12|cells:102|text:76|lines:54|frames:1|size:263.3x914.0,6451f71b2ac054add340d889ba60346d0e3e18d5
1725_25,doc_3555e5a4,ИОС5.5.1,3555E5A4,tbl_12_3,12,14,11,50,18,28,1,59643.1,ad7a2000e6ca12220dc165616c38acb119748b4b,rows:14|cols:11|cells:50|text:18|lines:28|frames:1|size:127.3x468.3,d508f95ecf99f0c1ebc6bdc407e03f629d3fe2ef
1725_25,doc_3555e5a4,ИОС5.5.1,3555E5A4,tbl_13_1,13,1,4,2,2,61,1,768.4,f0deeb54827fc0a480c575fc66825c12a7cd064e,rows:1|cols:4|cells:2|text:2|lines:61|frames:1|size:27.7x27.7,fb94e3f32b4959b2b7713818f5dc6aa12ffc0e3b
1725_25,doc_3555e5a4,ИОС5.5.1,3555E5A4,tbl_13_2,13,5,5,7,5,61,1,6992.7,d957e43c3c48216a9295e6966d9aac61bf0e5d23,rows:5|cols:5|cells:7|text:5|lines:61|frames:1|size:118.4x59.0,372faf67d89656433859ec51a420aad8f5ff3876
1725_25,doc_3555e5a4,ИОС5.5.1,3555E5A4,tbl_13_3,13,13,4,21,9,21,0,21394.34,46baddb5ae761d37afe54ef6ba60c96d99bf961a,rows:13|cols:4|cells:21|text:9|lines:21|frames:0|size:41.7x513.3,d2deddfafe87282ddefa9e965f4d227225cbfa8a
1725_25,doc_3555e5a4,ИОС5.5.1,3555E5A4,tbl_14_1,14,5,5,8,2,36,1,16147.66,b79270dfdc10130a79ebcf84e40679cf94553947,rows:5|cols:5|cells:8|text:2|lines:36|frames:1|size:131.4x122.9,0d950140399223f0364055154fe1167a22bc17ac
1725_25,doc_3555e5a4,ИОС5.5.1,3555E5A4,tbl_14_2,14,13,4,21,8,20,1,22282.71,cc3ecd74d91ebabceb2f33ba7d1e615c0dd4857b,rows:13|cols:4|cells:21|text:8|lines:20|frames:1|size:42.6x523.6,fafd5e2999f77392d408a4957f86016f21977f4f
1725_25,doc_3555e5a4,ИОС5.5.1,3555E5A4,tbl_15_1,15,14,10,50,17,28,1,58724.8,af104f46c332acf7f5a5cb600ec7f963c76cf0a6,rows:14|cols:10|cells:50|text:17|lines:28|frames:1|size:125.9x466.4,65a6ae3ba5e9605ea95add2a7dac29e0a2625722
1725_25,doc_3555e5a4,ИОС5.5.1,3555E5A4,tbl_16_1,16,16,10,45,12,33,1,23064.18,af7a1fd026084e3082eaaa2bcd4b9b7c4a400b4f,rows:16|cols:10|cells:45|text:12|lines:33|frames:1|size:126.2x182.7,e74776110f3c689bfd5926b5241308a9aba8db95
1725_25,doc_3555e5a4,ИОС5.5.1,3555E5A4,tbl_17_1,17,16,11,50,18,32,1,59584.98,3fab4c1be36ed598403ef3ed5f8227ee5f2b46cf,rows:16|cols:11|cells:50|text:18|lines:32|frames:1|size:127.4x467.7,678e310a42da89157c7b33cdd515766235271603
1725_25,doc_3555e5a4,ИОС5.5.1,3555E5A4,tbl_18_1,18,16,11,50,18,31,1,59256.54,3ca986fe57a87268cc2e08f43ac5ddf361dfa710,rows:16|cols:11|cells:50|text:18|lines:31|frames:1|size:127.0x466.4,b80ba4f300fadbd1dc57911cf045f55df44557c9
1725_25,doc_c985f0bc,СМ,C985F0BC,tbl_1_1,1,2,3,2,2,7,0,9296.78,2b31a4437e93cdfa205f1fd99df15ece0d21de8d,rows:2|cols:3|cells:2|text:2|lines:7|frames:0|size:336.8x27.6,2b6346809c816faa519fa0b65122f5420979d0bd
1725_25,doc_c985f0bc,СМ,C985F0BC,tbl_2_1,2,2,3,2,2,7,0,9296.78,2b31a4437e93cdfa205f1fd99df15ece0d21de8d,rows:2|cols:3|cells:2|text:2|lines:7|frames:0|size:336.8x27.6,2b6346809c816faa519fa0b65122f5420979d0bd
1725_25,doc_c985f0bc,СМ,C985F0BC,tbl_3_1,3,11,6,44,40,21,1,196500.32,44462779ede31506fdf1b4d0626e387e4cda8745,rows:11|cols:6|cells:44|text:40|lines:21|frames:1|size:497.2x395.2,5adf10756609caf15c11c208e512238c5505102b
1725_25,doc_c985f0bc,СМ,C985F0BC,tbl_4_1,4,6,3,18,24,11,1,93298.54,c38fea00ebdfa3dbd135c223c3d6713e58d1c84e,rows:6|cols:3|cells:18|text:24|lines:11|frames:1|size:497.4x187.6,9f00df7de5997f0ad8e212906bf73e2d8d2b2b89
1725_25,doc_c985f0bc,СМ,C985F0BC,tbl_5_1,5,4,8,20,8,15,1,20640.66,8937ba27e274027df4724d4bbf61822fe95d12d3,rows:4|cols:8|cells:20|text:8|lines:15|frames:1|size:486.1x42.5,2a2443ca02bcfe99779cfa79c4be13dc47197a2f
1725_25,doc_c985f0bc,СМ,C985F0BC,tbl_5_2,5,7,7,8,7,19,0,42281.4,74a12398dd3d4b8252e8a49c5e0a0bdf72a3c050,rows:7|cols:7|cells:8|text:7|lines:19|frames:0|size:438.2x96.5,decd1e683da211ff262da6b8979970869d2f1d3b
1725_25,doc_c985f0bc,СМ,C985F0BC,tbl_6_1,6,4,8,20,8,15,1,20640.66,8937ba27e274027df4724d4bbf61822fe95d12d3,rows:4|cols:8|cells:20|text:8|lines:15|frames:1|size:486.1x42.5,2a2443ca02bcfe99779cfa79c4be13dc47197a2f
1725_25,doc_c985f0bc,СМ,C985F0BC,tbl_7_1,7,4,8,20,8,15,1,20640.66,8937ba27e274027df4724d4bbf61822fe95d12d3,rows:4|cols:8|cells:20|text:8|lines:15|frames:1|size:486.1x42.5,c902616788a4a9f6c35ae5b6cddebc09555fbe8d
1725_25,doc_c985f0bc,СМ,C985F0BC,tbl_8_1,8,49,9,288,257,158,1,308041.16,b90dc22546f106b4de74d46be0787b937971d631,rows:49|cols:9|cells:288|text:257|lines:158|frames:1|size:528.3x583.1,fe25682f3e96209b7c05635c4be574d0a8246a13
1725_25,doc_c985f0bc,СМ,C985F0BC,tbl_9_1,9,3,12,26,36,17,1,30258.78,da0d66244e6f3d4c2a35a6875e9ce93b55d1a1d9,rows:3|cols:12|cells:26|text:36|lines:17|frames:1|size:550.6x55.0,ceb20aae4bd32e0c1a6aa1fe20edb7e5841bb489
1725_25,doc_c985f0bc,СМ,C985F0BC,tbl_28_1,28,12,5,32,52,19,1,215322.62,048fecd3fdca043ffe522ffb99a8a9cc67cdd28a,rows:12|cols:5|cells:32|text:52|lines:19|frames:1|size:551.4x390.5,fed796bbf844f44525d4220bcfda802a57f3e45a
1725_25,doc_c985f0bc,СМ,C985F0BC,tbl_29_1,29,10,4,24,45,19,1,275878.49,07d26e933452b15874f59953250afdcd9d793d4e,rows:10|cols:4|cells:24|text:45|lines:19|frames:1|size:551.4x500.4,b06e6e23bd6f1ae680acc3fdd12c5f930709ebda
